{"stats":{"minecraft:killed_by":{"minecraft:creeper":1,"minecraft:pillager":2,"alexsmobs:cachalot_whale":1,"minecraft:vindicator":1,"alexsmobs:crocodile":2,"minecraft:witch":1,"minecraft:skeleton":8},"minecraft:broken":{"minecraft:iron_shovel":2,"minecraft:stone_sword":1,"minecraft:iron_pickaxe":3},"minecraft:crafted":{"botania:green_petal":8,"minecraft:black_dye":2,"minecraft:oak_planks":88,"minecraft:cobblestone_slab":6,"botania:purple_petal":2,"minecraft:birch_boat":1,"botania:mana_pool":1,"minecraft:stone":59,"minecraft:diamond_shovel":1,"sophisticatedbackpacks:crafting_upgrade":1,"minecraft:spruce_pressure_plate":2,"botania:red_petal":4,"minecraft:green_dye":8,"minecraft:glass":24,"minecraft:bow":1,"botania:twig_wand":1,"evilcraft:blood_extractor":5,"minecraft:chest":7,"minecraft:magenta_dye":5,"botania:light_gray_petal":8,"evilcraft:undead_planks":36,"botania:cyan_petal":10,"sophisticatedbackpacks:backpack":1,"minecraft:cooked_porkchop":8,"minecraft:diamond_axe":1,"twilightforest:mangrove_planks":4,"minecraft:crafting_table":10,"minecraft:spruce_planks":80,"minecraft:wooden_pickaxe":1,"botania:livingwood_twig":4,"minecraft:birch_planks":28,"sophisticatedbackpacks:upgrade_base":1,"minecraft:iron_chestplate":1,"minecraft:diamond_pickaxe":1,"minecraft:yellow_dye":3,"minecraft:shield":3,"botania:mana_tablet":1,"minecraft:stick":108,"minecraft:light_blue_dye":2,"minecraft:iron_ingot":1,"minecraft:iron_pickaxe":3,"minecraft:stone_sword":1,"minecraft:light_gray_dye":6,"botania:apothecary_default":1,"minecraft:light_gray_stained_glass_pane":48,"evilcraft:vengeance_pickaxe":1,"minecraft:shears":2,"botania:brown_petal":8,"evilcraft:dark_spike":16,"minecraft:wooden_sword":1,"evilcraft:blood_chest":1,"minecraft:furnace":2,"botania:blue_petal":14,"minecraft:gray_dye":4,"minecraft:bone_meal":27,"minecraft:glass_pane":48,"minecraft:flint_and_steel":1,"botania:black_petal":2,"minecraft:leather":7,"twilightforest:twilight_oak_planks":56,"minecraft:iron_axe":1,"botania:white_petal":8,"minecraft:stone_pickaxe":2,"botania:flower_bag":1,"twilightforest:canopy_planks":284,"evilcraft:dark_stick":4,"minecraft:spruce_boat":1,"botania:light_blue_petal":2,"minecraft:dark_oak_planks":96,"minecraft:lead":4,"sophisticatedbackpacks:iron_backpack":2,"minecraft:red_dye":5,"botania:fertilizer":7,"twilightforest:twilight_oak_stairs":48,"evilcraft:blood_infusion_core":2,"botania:mana_spreader":1,"minecraft:iron_sword":1,"minecraft:bowl":4,"minecraft:leather_helmet":1,"sophisticatedbackpacks:gold_backpack":2,"minecraft:stone_axe":1,"minecraft:acacia_boat":1,"minecraft:bread":61,"minecraft:air":0,"minecraft:blue_dye":5,"minecraft:oak_boat":1,"botania:pestle_and_mortar":1,"minecraft:golden_apple":3,"minecraft:white_dye":3,"evilcraft:blood_infuser":1,"botania:magenta_petal":6,"minecraft:wooden_axe":1,"minecraft:iron_shovel":3,"minecraft:iron_leggings":2,"minecraft:white_bed":2,"minecraft:acacia_planks":48,"minecraft:torch":208},"minecraft:killed":{"alexsmobs:hummingbird":1,"alexsmobs:lobster":1,"minecraft:spider":9,"minecraft:skeleton":40,"minecraft:chicken":1,"minecraft:piglin_brute":1,"alexsmobs:kangaroo":2,"ars_nouveau:carbuncle":1,"minecraft:wolf":1,"minecraft:parrot":2,"minecraft:pig":11,"alexsmobs:grizzly_bear":3,"alexsmobs:seal":1,"twilightforest:skeleton_druid":3,"minecraft:sheep":4,"minecraft:pillager":14,"minecraft:zombie":42,"twilightforest:wild_boar":1,"alexsmobs:roadrunner":1,"alexsmobs:fly":1,"minecraft:cow":4,"twilightforest:squirrel":1,"twilightforest:deer":1,"alexsmobs:tarantula_hawk":1,"alexsmobs:raccoon":5,"ars_nouveau:sylph":1,"alexsmobs:seagull":2,"twilightforest:fire_beetle":1,"ars_nouveau:summon_wolf":2,"minecraft:drowned":5,"minecraft:bat":2,"ars_nouveau:wilden_guardian":1,"alexsmobs:crocodile":1,"alexsmobs:cockroach":2,"ars_nouveau:wilden_stalker":21,"alexsmobs:gazelle":2,"alexsmobs:crow":1,"ars_nouveau:wilden_hunter":7,"minecraft:enderman":1},"minecraft:used":{"farmersdelight:onion_crate":1,"minecraft:light_gray_stained_glass_pane":37,"minecraft:iron_shovel":610,"botania:white_petal":1,"minecraft:poppy":6,"evilcraft:blood_chest":1,"minecraft:chest":4,"minecraft:iron_sword":796,"minecraft:shield":50,"minecraft:stone":25,"twilightforest:twilight_oak_stairs":51,"twilightforest:canopy_sapling":1,"minecraft:rotten_flesh":8,"minecraft:mutton":2,"minecraft:carrot":3,"minecraft:spruce_boat":5,"minecraft:bricks":39,"twilightforest:twilight_oak_planks":12,"minecraft:bow":6,"minecraft:furnace":4,"minecraft:stone_pickaxe":48,"minecraft:oak_planks":30,"minecraft:ender_pearl":6,"minecraft:wooden_pickaxe":24,"minecraft:diamond_axe":152,"minecraft:golden_apple":5,"minecraft:sand":30,"botania:fertilizer":7,"evilcraft:undead_sapling":1,"minecraft:stone_brick_wall":1,"minecraft:shears":11,"sophisticatedbackpacks:backpack":1,"minecraft:bread":61,"minecraft:cyan_bed":3,"ars_nouveau:purple_archwood_log":10,"botania:blue_petal":1,"minecraft:wooden_sword":30,"botania:pure_daisy":1,"minecraft:andesite":10,"minecraft:oak_boat":2,"minecraft:bone_meal":9,"minecraft:cobweb":4,"minecraft:experience_bottle":1,"twilightforest:canopy_planks":262,"botania:hydroangeas":8,"minecraft:stone_sword":138,"minecraft:flint_and_steel":4,"minecraft:tropical_fish":2,"evilcraft:vengeance_pickaxe":5,"minecraft:cooked_chicken":4,"minecraft:torch":205,"minecraft:dirt":1189,"alexsmobs:cooked_kangaroo_meat":4,"botania:twig_wand":78,"evilcraft:undead_log":1,"minecraft:dark_oak_planks":15,"minecraft:wooden_axe":11,"minecraft:iron_axe":202,"botania:pink_mystical_flower":1,"minecraft:golden_carrot":3,"botania:mana_pool":1,"minecraft:cooked_beef":9,"minecraft:acacia_planks":2,"minecraft:observer":1,"minecraft:cooked_mutton":5,"minecraft:acacia_boat":3,"minecraft:water_bucket":30,"minecraft:cobblestone_stairs":1,"botania:endoflame":4,"minecraft:polished_andesite":10,"minecraft:baked_potato":34,"evilcraft:blood_infuser":1,"minecraft:birch_boat":1,"botania:mana_spreader":1,"minecraft:salmon":5,"minecraft:terracotta":2,"minecraft:oak_slab":8,"minecraft:lime_bed":1,"minecraft:tnt":11,"minecraft:crafting_table":15,"ars_nouveau:blue_archwood_log":15,"minecraft:white_bed":6,"minecraft:cod":3,"minecraft:spruce_log":12,"botania:apothecary_default":2,"minecraft:oak_log":4,"minecraft:diamond_pickaxe":464,"minecraft:diamond_shovel":548,"twilightforest:firefly":2,"minecraft:iron_pickaxe":1047,"twilightforest:firefly_jar":2,"minecraft:cyan_concrete":4,"minecraft:stone_axe":39,"minecraft:porkchop":1,"minecraft:cobblestone":788,"minecraft:cooked_porkchop":6,"minecraft:bucket":35,"minecraft:pumpkin_pie":3,"alexsmobs:animal_dictionary":10,"minecraft:dandelion":6,"twilightforest:cicada":1},"minecraft:mined":{"twilightforest:iron_ladder":6,"minecraft:spruce_planks":1,"minecraft:white_bed":5,"botania:red_mystical_flower":9,"minecraft:cobblestone_stairs":1,"minecraft:orange_stained_glass":1,"botania:pink_double_flower":1,"minecraft:carved_pumpkin":1,"minecraft:granite":1,"botania:light_blue_mushroom":1,"minecraft:red_sand":2,"minecraft:acacia_log":13,"minecraft:stone_brick_wall":1,"minecraft:grass_block":828,"minecraft:coal_block":11,"botania:black_double_flower":1,"minecraft:composter":1,"botania:light_gray_mystical_flower":9,"minecraft:spawner":9,"botania:apothecary_default":1,"botania:purple_mystical_flower":16,"botania:light_gray_mushroom":2,"minecraft:iron_ore":21,"minecraft:fire":7,"twilightforest:canopy_leaves":82,"botania:brown_mystical_flower":21,"botania:light_blue_mystical_flower":11,"farmersdelight:wild_potatoes":9,"botania:green_mystical_flower":21,"botania:orange_mystical_flower":12,"twilightforest:twilight_oak_stairs":15,"minecraft:torch":1,"twilightforest:torchberry_plant":2,"minecraft:blast_furnace":1,"botania:hydroangeas":5,"minecraft:melon":4,"minecraft:poppy":6,"botania:purple_double_flower":1,"twilightforest:twilight_oak_log":14,"minecraft:dead_bush":11,"minecraft:mushroom_stem":2,"minecraft:cobblestone":102,"botania:blue_mystical_flower":21,"minecraft:cyan_bed":3,"minecraft:sugar_cane":8,"botania:light_gray_double_flower":1,"minecraft:bricks":46,"botania:blue_double_flower":2,"minecraft:wall_torch":10,"botania:black_mystical_flower":12,"twilightforest:cicada":2,"minecraft:birch_log":7,"minecraft:wheat":249,"twilightforest:root":2,"minecraft:tnt":1,"twilightforest:twilight_oak_planks":3,"minecraft:grass":63,"minecraft:oak_log":27,"minecraft:sand":60,"minecraft:dirt":332,"twilightforest:canopy_log":85,"minecraft:dispenser":1,"minecraft:yellow_stained_glass":2,"minecraft:piston":4,"minecraft:oak_leaves":9,"evilcraft:hardened_blood":7,"minecraft:diamond_ore":8,"twilightforest:firefly":2,"farmersdelight:wild_carrots":7,"minecraft:dark_oak_log":3,"twilightforest:mangrove_wood":1,"evilcraft:environmental_accumulator":1,"botania:orange_mushroom":3,"minecraft:spruce_leaves":15,"farmersdelight:wild_cabbages":14,"botania:purple_mushroom":1,"farmersdelight:wild_onions":11,"minecraft:redstone_ore":28,"botania:magenta_mystical_flower":19,"minecraft:furnace":6,"minecraft:snow":11,"twilightforest:canopy_planks":23,"minecraft:andesite":10,"evilcraft:dark_ore":11,"minecraft:peony":1,"minecraft:bookshelf":22,"twilightforest:firefly_jar":3,"botania:livingrock":32,"minecraft:vine":1,"minecraft:cyan_concrete":4,"botania:pure_daisy":1,"botania:yellow_mushroom":1,"botania:light_blue_double_flower":3,"minecraft:stone":942,"sophisticatedbackpacks:backpack":1,"ars_nouveau:purple_archwood_log":15,"tconstruct:copper_ore":33,"botania:lime_mystical_flower":11,"minecraft:dandelion":7,"minecraft:crafting_table":8,"twilightforest:huge_lilypad":1,"minecraft:tall_grass":20,"minecraft:lapis_ore":3,"farmersdelight:wild_tomatoes":1,"minecraft:lily_pad":2,"ars_nouveau:blue_archwood_leaves":9,"botania:pink_mystical_flower":20,"botania:livingwood":16,"farmersdelight:wild_beetroots":20,"minecraft:purple_bed":1,"botania:cyan_mystical_flower":22,"minecraft:lime_bed":1,"botania:red_double_flower":1,"ars_nouveau:blue_archwood_log":38,"ars_nouveau:purple_archwood_leaves":15,"minecraft:spruce_log":49,"evilcraft:blood_stain":1,"botania:white_mystical_flower":14,"botania:yellow_mystical_flower":2,"minecraft:coal_ore":238,"evilcraft:undead_log":10,"minecraft:gravel":10,"minecraft:sunflower":4,"minecraft:cobweb":10,"botania:gray_mystical_flower":5,"minecraft:terracotta":2,"ars_nouveau:arcane_ore":5,"minecraft:polished_andesite":11,"minecraft:gold_ore":25,"minecraft:chipped_anvil":1},"minecraft:picked_up":{"minecraft:wooden_axe":3,"ars_nouveau:caster_tome":1,"minecraft:iron_chestplate":5,"minecraft:wheat":187,"minecraft:flower_pot":1,"minecraft:lead":3,"ars_nouveau:pierce_arrow":135,"botania:livingwood":16,"minecraft:potion":6,"minecraft:golden_shovel":1,"botania:light_blue_mushroom":1,"alexsmobs:gazelle_horn":1,"minecraft:string":78,"minecraft:iron_leggings":3,"ars_nouveau:mana_gem":7,"minecraft:experience_bottle":3,"minecraft:beetroot":5,"minecraft:red_sand":6,"minecraft:gold_nugget":135,"farmersdelight:cabbage":1,"minecraft:spruce_planks":3,"minecraft:rose_bush":4,"botania:hydroangeas":12,"minecraft:iron_pickaxe":3,"alexsmobs:raccoon_tail":1,"minecraft:melon_slice":16,"minecraft:coal_block":11,"evilcraft:blood_extractor":1,"twilightforest:firefly_jar":3,"farmersdelight:cabbage_seeds":35,"minecraft:iron_boots":5,"minecraft:furnace":13,"minecraft:stick":65,"botania:lexicon":1,"twilightforest:cooked_venison":2,"minecraft:composter":1,"minecraft:torch":124,"minecraft:acacia_log":12,"minecraft:porkchop":34,"botania:white_mystical_flower":9,"minecraft:stone_sword":5,"minecraft:cactus":1,"twilightforest:twilight_oak_stairs":15,"minecraft:rotten_flesh":80,"botania:livingrock":35,"farmersdelight:onion":53,"ars_nouveau:worn_notebook":8,"minecraft:carved_pumpkin":1,"minecraft:obsidian":8,"minecraft:snowball":11,"minecraft:cobblestone":1522,"minecraft:birch_log":7,"minecraft:leather_chestplate":1,"minecraft:feather":25,"minecraft:cooked_beef":3,"twilightforest:twilight_oak_log":14,"minecraft:water_bucket":5,"minecraft:andesite":10,"minecraft:potato":37,"alexsmobs:bear_fur":3,"minecraft:flint":5,"alexsmobs:cooked_kangaroo_meat":4,"minecraft:acacia_boat":3,"minecraft:lapis_lazuli":20,"minecraft:dirt":1462,"botania:mana_diamond":1,"twilightforest:canopy_sapling":26,"twilightforest:mangrove_wood":1,"minecraft:bone":70,"minecraft:chipped_anvil":1,"minecraft:acacia_planks":8,"botania:cyan_mystical_flower":10,"minecraft:bow":4,"minecraft:wheat_seeds":413,"botania:pink_mystical_flower":15,"botania:purple_mystical_flower":7,"minecraft:cyan_concrete":4,"botania:gray_mystical_flower":3,"minecraft:oak_planks":57,"minecraft:cooked_porkchop":9,"minecraft:sand":58,"botania:blue_petal":2,"twilightforest:canopy_log":77,"sophisticatedbackpacks:iron_backpack":1,"minecraft:dead_bush":9,"minecraft:cyan_bed":4,"minecraft:dark_oak_log":3,"ars_nouveau:wilden_horn":2,"alexsmobs:animal_dictionary":8,"minecraft:iron_hoe":1,"minecraft:polished_andesite":10,"alexsmobs:kangaroo_hide":2,"minecraft:dispenser":1,"twilightforest:canopy_planks":23,"minecraft:diamond":10,"minecraft:spruce_boat":4,"minecraft:bone_meal":2,"botania:orange_mushroom":3,"minecraft:crossbow":3,"minecraft:granite":5,"alexsmobs:tarantula_hawk_wing_fragment":1,"minecraft:golden_apple":2,"minecraft:emerald":79,"minecraft:bread":202,"alexsmobs:maggot":6,"minecraft:oak_sapling":13,"minecraft:bricks":45,"twilightforest:torchberries":3,"minecraft:diamond_pickaxe":2,"minecraft:crafting_table":11,"minecraft:allium":11,"evilcraft:dark_power_gem":2,"minecraft:brown_mushroom":3,"minecraft:wooden_pickaxe":3,"alexsmobs:roadrunner_feather":1,"minecraft:stone_brick_wall":1,"ars_nouveau:blue_archwood_sapling":1,"evilcraft:undead_planks":32,"minecraft:shield":7,"ars_nouveau:amplify_arrow":27,"minecraft:iron_axe":3,"botania:endoflame":4,"minecraft:wooden_sword":3,"botania:magenta_mystical_flower":5,"botania:pure_daisy":2,"twilightforest:iron_ladder":9,"minecraft:beef":27,"minecraft:oak_boat":1,"minecraft:observer":2,"twilightforest:huge_lilypad":1,"minecraft:poppy":11,"evilcraft:hardened_blood_shard":21,"minecraft:sugar_cane":48,"alexsmobs:cooked_lobster_tail":1,"minecraft:egg":1,"minecraft:piston":4,"ars_nouveau:purple_archwood_log":20,"botania:mana_bottle":1,"botania:purple_mushroom":1,"sophisticatedbackpacks:backpack":3,"minecraft:note_block":2,"ars_nouveau:blue_archwood_log":20,"evilcraft:dark_spike":1,"farmersdelight:tomato_seeds":7,"minecraft:carrot":15,"minecraft:redstone":131,"twilightforest:firefly":5,"minecraft:stone_pressure_plate":1,"minecraft:dark_oak_planks":5,"botania:brown_petal":2,"botania:black_lotus":7,"minecraft:tnt":10,"minecraft:arrow":60,"minecraft:diamond_chestplate":2,"botania:lime_mystical_flower":6,"minecraft:beetroot_seeds":37,"minecraft:pumpkin_pie":6,"twilightforest:cicada":2,"botania:apothecary_default":1,"minecraft:diamond_boots":1,"botania:blue_mystical_flower":11,"minecraft:saddle":3,"minecraft:gold_ingot":33,"botania:green_mystical_flower":13,"minecraft:mutton":6,"ars_nouveau:carbuncle_shards":3,"minecraft:white_wool":35,"minecraft:lime_bed":1,"botania:light_blue_petal":3,"evilcraft:environmental_accumulation_core":1,"minecraft:leather":3,"minecraft:birch_planks":51,"botania:light_gray_mushroom":2,"botania:red_petal":1,"ars_nouveau:wilden_wing":21,"minecraft:oak_log":31,"minecraft:lily_pad":2,"botania:flower_bag":1,"minecraft:gunpowder":18,"minecraft:cobblestone_stairs":1,"twilightforest:twilight_oak_planks":3,"botania:black_mystical_flower":3,"botania:light_blue_mystical_flower":4,"botania:light_gray_petal":1,"botania:yellow_mushroom":1,"minecraft:cooked_mutton":5,"minecraft:apple":18,"minecraft:stone_bricks":1,"minecraft:iron_ingot":119,"minecraft:stone_pickaxe":4,"minecraft:cooked_chicken":1,"minecraft:iron_ore":36,"evilcraft:undead_log":10,"botania:cyan_petal":1,"minecraft:iron_sword":4,"minecraft:book":68,"minecraft:oak_slab":8,"tconstruct:copper_ore":33,"minecraft:dandelion":9,"minecraft:gravel":13,"minecraft:spruce_sapling":12,"minecraft:blast_furnace":1,"minecraft:white_bed":6,"minecraft:spruce_log":47,"minecraft:gold_ore":26,"minecraft:spider_eye":14,"ars_nouveau:wilden_spike":6,"minecraft:oak_wood":6,"minecraft:stone_axe":3,"evilcraft:dark_gem":49,"minecraft:chainmail_leggings":3,"twilightforest:raven_feather":2,"minecraft:iron_helmet":5,"minecraft:gray_wool":1,"minecraft:terracotta":2,"minecraft:melon_seeds":6,"botania:brown_mystical_flower":8,"minecraft:coal":394,"minecraft:sunflower":4,"minecraft:ender_pearl":1},"minecraft:dropped":{"sophisticatedbackpacks:iron_backpack":1,"minecraft:birch_planks":12,"minecraft:diamond":4,"minecraft:crafting_table":1,"minecraft:cooked_porkchop":1,"botania:cyan_petal":9,"minecraft:cod":9,"minecraft:dirt":9,"alexsmobs:roadrunner_feather":1,"twilightforest:firefly":1,"botania:green_mystical_flower":3,"minecraft:wooden_sword":1,"minecraft:bone_meal":2,"minecraft:sunflower":2,"botania:light_blue_petal":3,"botania:white_petal":4,"minecraft:dark_oak_planks":22,"minecraft:white_wool":3,"minecraft:gold_ingot":3,"minecraft:note_block":2,"minecraft:wheat":4,"minecraft:beetroot":2,"minecraft:rotten_flesh":2,"minecraft:oak_planks":3,"minecraft:leather_chestplate":1,"minecraft:oak_wood":3,"minecraft:beetroot_seeds":9,"minecraft:arrow":7,"botania:brown_petal":10,"botania:black_lotus":7,"botania:light_gray_mystical_flower":2,"ars_nouveau:pierce_arrow":27,"minecraft:wheat_seeds":353,"minecraft:tnt":9,"botania:red_petal":5,"minecraft:iron_helmet":1,"minecraft:feather":4,"minecraft:observer":1,"minecraft:apple":1,"evilcraft:dark_gem":6,"minecraft:granite":4,"twilightforest:canopy_log":6,"minecraft:coal":62,"ars_nouveau:mana_gem":2,"minecraft:stick":1,"botania:light_blue_mystical_flower":2,"evilcraft:blood_extractor":1,"minecraft:torch":1,"minecraft:wooden_axe":1,"minecraft:rose_bush":2,"minecraft:diamond_helmet":1,"minecraft:iron_leggings":1,"minecraft:cactus":1,"ars_nouveau:caster_tome":1,"minecraft:redstone":6,"alexsmobs:maggot":4,"botania:light_gray_petal":5,"minecraft:iron_boots":1,"minecraft:iron_hoe":1,"minecraft:filled_map":1,"minecraft:potato":9,"minecraft:shield":1,"minecraft:flower_pot":1,"minecraft:allium":11,"minecraft:diamond_chestplate":1,"minecraft:spruce_planks":1,"minecraft:diamond_pickaxe":1,"minecraft:iron_chestplate":2,"minecraft:oak_sapling":1,"minecraft:stone_bricks":1,"minecraft:stone_pressure_plate":1,"minecraft:spider_eye":8,"minecraft:diamond_boots":1,"minecraft:bow":1,"minecraft:red_sand":4,"botania:pink_mystical_flower":6,"minecraft:wooden_pickaxe":1,"botania:blue_petal":10},"minecraft:custom":{"minecraft:interact_with_crafting_table":74,"minecraft:open_barrel":100,"minecraft:leave_game":4,"minecraft:time_since_death":150483,"minecraft:sprint_one_cm":1070600,"minecraft:damage_blocked_by_shield":2913,"minecraft:drop":229,"minecraft:deaths":17,"minecraft:jump":9324,"minecraft:walk_on_water_one_cm":82926,"minecraft:interact_with_furnace":28,"minecraft:play_one_minute":457565,"minecraft:sleep_in_bed":17,"minecraft:damage_dealt":36473,"minecraft:crouch_one_cm":47920,"minecraft:mob_kills":235,"minecraft:interact_with_campfire":2,"minecraft:damage_dealt_resisted":772,"minecraft:climb_one_cm":12795,"minecraft:walk_one_cm":1173522,"minecraft:damage_dealt_absorbed":171,"minecraft:sneak_time":14281,"minecraft:walk_under_water_one_cm":33562,"minecraft:boat_one_cm":531213,"minecraft:time_since_rest":1178,"minecraft:damage_absorbed":201,"minecraft:damage_taken":10966,"minecraft:trigger_trapped_chest":2,"minecraft:swim_one_cm":93084,"minecraft:fly_one_cm":2183632,"minecraft:open_chest":191,"minecraft:fall_one_cm":263517}},"DataVersion":2586}