{"stats":{"minecraft:mined":{"twilightforest:iron_ladder":5,"minecraft:spruce_planks":1,"minecraft:white_bed":3,"botania:red_mystical_flower":3,"minecraft:cobblestone_stairs":1,"minecraft:orange_stained_glass":1,"botania:pink_double_flower":1,"minecraft:granite":1,"minecraft:red_sand":2,"minecraft:acacia_log":13,"minecraft:grass_block":220,"minecraft:spawner":6,"botania:apothecary_default":1,"botania:purple_mystical_flower":6,"minecraft:iron_ore":4,"minecraft:fire":4,"botania:brown_mystical_flower":4,"botania:light_blue_mystical_flower":4,"farmersdelight:wild_potatoes":9,"botania:green_mystical_flower":14,"botania:orange_mystical_flower":2,"minecraft:torch":1,"minecraft:blast_furnace":1,"minecraft:poppy":6,"botania:hydroangeas":1,"twilightforest:twilight_oak_log":14,"minecraft:mushroom_stem":2,"minecraft:cobblestone":17,"botania:blue_mystical_flower":11,"minecraft:cyan_bed":2,"minecraft:sugar_cane":8,"minecraft:bricks":46,"botania:black_mystical_flower":4,"twilightforest:cicada":2,"minecraft:birch_log":7,"minecraft:wheat":249,"minecraft:grass":48,"minecraft:oak_log":27,"minecraft:sand":1,"minecraft:dirt":172,"twilightforest:canopy_log":7,"minecraft:yellow_stained_glass":2,"minecraft:oak_leaves":6,"twilightforest:firefly":2,"farmersdelight:wild_carrots":7,"minecraft:dark_oak_log":3,"minecraft:spruce_leaves":6,"farmersdelight:wild_cabbages":7,"farmersdelight:wild_onions":11,"botania:magenta_mystical_flower":11,"minecraft:furnace":3,"minecraft:snow":11,"minecraft:peony":1,"minecraft:bookshelf":22,"twilightforest:firefly_jar":1,"minecraft:cyan_concrete":4,"botania:livingrock":24,"botania:light_blue_double_flower":2,"minecraft:stone":308,"sophisticatedbackpacks:backpack":1,"ars_nouveau:purple_archwood_log":13,"botania:lime_mystical_flower":10,"minecraft:dandelion":7,"minecraft:crafting_table":8,"minecraft:tall_grass":6,"farmersdelight:wild_tomatoes":1,"ars_nouveau:blue_archwood_leaves":9,"botania:livingwood":16,"botania:pink_mystical_flower":9,"farmersdelight:wild_beetroots":8,"botania:cyan_mystical_flower":14,"minecraft:lime_bed":1,"ars_nouveau:blue_archwood_log":38,"ars_nouveau:purple_archwood_leaves":15,"minecraft:spruce_log":33,"botania:white_mystical_flower":4,"botania:yellow_mystical_flower":2,"minecraft:coal_ore":18,"minecraft:gravel":1,"botania:gray_mystical_flower":2,"minecraft:cobweb":6,"minecraft:terracotta":2,"minecraft:polished_andesite":11},"minecraft:killed":{"minecraft:spider":7,"minecraft:skeleton":5,"alexsmobs:kangaroo":2,"ars_nouveau:carbuncle":1,"minecraft:pig":10,"alexsmobs:grizzly_bear":3,"twilightforest:skeleton_druid":1,"minecraft:sheep":3,"minecraft:pillager":5,"minecraft:zombie":16,"twilightforest:wild_boar":1,"alexsmobs:roadrunner":1,"alexsmobs:fly":1,"minecraft:cow":3,"alexsmobs:raccoon":4,"alexsmobs:seagull":2,"twilightforest:fire_beetle":1,"minecraft:drowned":5,"ars_nouveau:summon_wolf":1,"alexsmobs:crocodile":1,"ars_nouveau:wilden_stalker":10,"alexsmobs:gazelle":1,"ars_nouveau:wilden_hunter":4,"minecraft:enderman":1},"minecraft:killed_by":{"minecraft:creeper":1,"minecraft:pillager":2,"alexsmobs:cachalot_whale":1,"minecraft:vindicator":1,"alexsmobs:crocodile":2,"minecraft:witch":1,"minecraft:skeleton":7},"minecraft:custom":{"minecraft:interact_with_crafting_table":47,"minecraft:open_barrel":23,"minecraft:leave_game":3,"minecraft:time_since_death":94520,"minecraft:sprint_one_cm":546170,"minecraft:damage_blocked_by_shield":2833,"minecraft:drop":115,"minecraft:deaths":16,"minecraft:jump":4938,"minecraft:walk_on_water_one_cm":45984,"minecraft:interact_with_furnace":17,"minecraft:play_one_minute":212235,"minecraft:sleep_in_bed":7,"minecraft:damage_dealt":16175,"minecraft:crouch_one_cm":20374,"minecraft:mob_kills":95,"minecraft:interact_with_campfire":2,"minecraft:climb_one_cm":4754,"minecraft:walk_one_cm":483608,"minecraft:damage_dealt_absorbed":40,"minecraft:sneak_time":5397,"minecraft:walk_under_water_one_cm":25137,"minecraft:boat_one_cm":286181,"minecraft:time_since_rest":27315,"minecraft:damage_taken":7015,"minecraft:damage_absorbed":40,"minecraft:trigger_trapped_chest":1,"minecraft:swim_one_cm":52600,"minecraft:fly_one_cm":1251737,"minecraft:open_chest":101,"minecraft:fall_one_cm":140925},"minecraft:broken":{"minecraft:iron_shovel":1,"minecraft:stone_sword":1,"minecraft:iron_pickaxe":1},"minecraft:dropped":{"sophisticatedbackpacks:iron_backpack":1,"minecraft:birch_planks":12,"minecraft:diamond":1,"minecraft:crafting_table":1,"minecraft:cooked_porkchop":1,"botania:cyan_petal":9,"minecraft:cod":9,"minecraft:dirt":9,"alexsmobs:roadrunner_feather":1,"botania:green_mystical_flower":3,"minecraft:wooden_sword":1,"botania:light_blue_petal":3,"botania:white_petal":4,"minecraft:dark_oak_planks":22,"minecraft:white_wool":3,"minecraft:gold_ingot":3,"minecraft:note_block":2,"minecraft:wheat":4,"minecraft:rotten_flesh":1,"minecraft:oak_planks":3,"minecraft:leather_chestplate":1,"minecraft:beetroot_seeds":4,"minecraft:arrow":7,"botania:black_lotus":7,"minecraft:wheat_seeds":352,"ars_nouveau:pierce_arrow":27,"minecraft:tnt":9,"minecraft:feather":4,"minecraft:iron_helmet":1,"minecraft:observer":1,"minecraft:apple":1,"minecraft:granite":4,"minecraft:stick":1,"botania:light_blue_mystical_flower":2,"ars_nouveau:mana_gem":2,"minecraft:wooden_axe":1,"minecraft:rose_bush":2,"minecraft:diamond_helmet":1,"minecraft:iron_leggings":1,"minecraft:cactus":1,"ars_nouveau:caster_tome":1,"minecraft:redstone":6,"alexsmobs:maggot":4,"minecraft:iron_boots":1,"minecraft:iron_hoe":1,"minecraft:filled_map":1,"minecraft:potato":9,"minecraft:shield":1,"minecraft:flower_pot":1,"minecraft:allium":11,"minecraft:diamond_chestplate":1,"minecraft:spruce_planks":1,"minecraft:iron_chestplate":2,"minecraft:oak_sapling":1,"minecraft:stone_pressure_plate":1,"minecraft:spider_eye":8,"minecraft:diamond_boots":1,"minecraft:red_sand":4,"botania:pink_mystical_flower":6,"minecraft:wooden_pickaxe":1,"botania:blue_petal":10},"minecraft:picked_up":{"minecraft:wooden_axe":3,"ars_nouveau:caster_tome":1,"minecraft:iron_chestplate":4,"minecraft:wheat":187,"minecraft:flower_pot":1,"ars_nouveau:pierce_arrow":135,"botania:livingwood":16,"minecraft:potion":6,"minecraft:golden_shovel":1,"minecraft:string":70,"minecraft:iron_leggings":3,"ars_nouveau:mana_gem":2,"minecraft:experience_bottle":3,"minecraft:beetroot":3,"minecraft:red_sand":6,"minecraft:gold_nugget":135,"minecraft:spruce_planks":3,"botania:hydroangeas":8,"minecraft:rose_bush":4,"minecraft:iron_pickaxe":3,"alexsmobs:raccoon_tail":1,"twilightforest:firefly_jar":1,"farmersdelight:cabbage_seeds":28,"minecraft:iron_boots":5,"minecraft:furnace":10,"botania:lexicon":1,"minecraft:stick":37,"minecraft:torch":109,"minecraft:acacia_log":12,"minecraft:porkchop":34,"botania:white_mystical_flower":3,"minecraft:stone_sword":5,"minecraft:cactus":1,"minecraft:rotten_flesh":47,"botania:livingrock":27,"farmersdelight:onion":53,"ars_nouveau:worn_notebook":8,"minecraft:obsidian":8,"minecraft:snowball":11,"minecraft:cobblestone":696,"minecraft:birch_log":7,"minecraft:leather_chestplate":1,"minecraft:feather":22,"twilightforest:twilight_oak_log":13,"minecraft:water_bucket":5,"minecraft:potato":36,"alexsmobs:bear_fur":3,"alexsmobs:cooked_kangaroo_meat":4,"minecraft:acacia_boat":1,"minecraft:dirt":439,"twilightforest:canopy_sapling":1,"minecraft:bone":17,"minecraft:acacia_planks":8,"botania:cyan_mystical_flower":10,"minecraft:bow":2,"botania:pink_mystical_flower":7,"minecraft:wheat_seeds":409,"botania:purple_mystical_flower":5,"minecraft:cyan_concrete":4,"minecraft:oak_planks":57,"minecraft:cooked_porkchop":8,"botania:blue_petal":2,"twilightforest:canopy_log":6,"sophisticatedbackpacks:iron_backpack":1,"minecraft:cyan_bed":3,"minecraft:dark_oak_log":3,"ars_nouveau:wilden_horn":1,"alexsmobs:animal_dictionary":8,"minecraft:iron_hoe":1,"minecraft:polished_andesite":10,"alexsmobs:kangaroo_hide":2,"minecraft:crossbow":3,"minecraft:granite":5,"minecraft:golden_apple":2,"minecraft:emerald":79,"minecraft:bread":202,"alexsmobs:maggot":4,"minecraft:oak_sapling":12,"twilightforest:torchberries":2,"minecraft:bricks":45,"minecraft:crafting_table":11,"minecraft:allium":11,"minecraft:brown_mushroom":3,"minecraft:wooden_pickaxe":3,"alexsmobs:roadrunner_feather":1,"ars_nouveau:blue_archwood_sapling":1,"minecraft:shield":7,"ars_nouveau:amplify_arrow":27,"minecraft:iron_axe":3,"minecraft:wooden_sword":3,"botania:magenta_mystical_flower":5,"botania:pure_daisy":1,"twilightforest:iron_ladder":5,"minecraft:beef":27,"minecraft:oak_boat":1,"minecraft:observer":2,"minecraft:poppy":11,"minecraft:sugar_cane":48,"ars_nouveau:purple_archwood_log":18,"botania:mana_bottle":1,"sophisticatedbackpacks:backpack":3,"minecraft:note_block":2,"ars_nouveau:blue_archwood_log":20,"farmersdelight:tomato_seeds":7,"minecraft:carrot":15,"minecraft:redstone":6,"twilightforest:firefly":3,"minecraft:stone_pressure_plate":1,"minecraft:dark_oak_planks":5,"botania:black_lotus":7,"minecraft:tnt":9,"minecraft:arrow":10,"botania:lime_mystical_flower":5,"minecraft:beetroot_seeds":24,"minecraft:pumpkin_pie":6,"twilightforest:cicada":2,"botania:apothecary_default":1,"botania:blue_mystical_flower":11,"minecraft:saddle":3,"minecraft:gold_ingot":33,"minecraft:mutton":6,"botania:green_mystical_flower":10,"ars_nouveau:carbuncle_shards":3,"minecraft:white_wool":34,"minecraft:lime_bed":1,"botania:light_blue_petal":3,"minecraft:leather":3,"minecraft:birch_planks":51,"ars_nouveau:wilden_wing":11,"minecraft:oak_log":31,"minecraft:gunpowder":13,"minecraft:cobblestone_stairs":1,"botania:black_mystical_flower":3,"botania:light_blue_mystical_flower":4,"minecraft:cooked_mutton":2,"minecraft:apple":18,"minecraft:iron_ingot":119,"minecraft:stone_pickaxe":4,"minecraft:iron_ore":17,"botania:cyan_petal":1,"minecraft:iron_sword":4,"minecraft:book":68,"minecraft:oak_slab":8,"minecraft:dandelion":9,"minecraft:gravel":1,"minecraft:spruce_sapling":3,"minecraft:blast_furnace":1,"minecraft:white_bed":4,"minecraft:spruce_log":31,"minecraft:spider_eye":13,"ars_nouveau:wilden_spike":6,"minecraft:stone_axe":3,"minecraft:iron_helmet":5,"minecraft:terracotta":2,"minecraft:melon_seeds":6,"botania:brown_mystical_flower":1,"minecraft:coal":155,"minecraft:ender_pearl":1},"minecraft:used":{"farmersdelight:onion_crate":1,"minecraft:iron_shovel":372,"botania:white_petal":1,"minecraft:poppy":6,"minecraft:chest":2,"minecraft:shield":46,"minecraft:stone":25,"minecraft:iron_sword":253,"minecraft:rotten_flesh":7,"minecraft:mutton":2,"minecraft:carrot":3,"minecraft:bricks":39,"minecraft:bow":6,"minecraft:furnace":4,"minecraft:stone_pickaxe":48,"minecraft:oak_planks":30,"minecraft:ender_pearl":6,"minecraft:wooden_pickaxe":24,"minecraft:golden_apple":1,"minecraft:sand":13,"botania:fertilizer":7,"sophisticatedbackpacks:backpack":1,"minecraft:bread":38,"minecraft:cyan_bed":2,"botania:blue_petal":1,"minecraft:wooden_sword":30,"botania:pure_daisy":1,"minecraft:oak_boat":2,"minecraft:experience_bottle":1,"botania:hydroangeas":8,"minecraft:stone_sword":138,"minecraft:tropical_fish":2,"minecraft:torch":6,"minecraft:dirt":31,"alexsmobs:cooked_kangaroo_meat":4,"botania:twig_wand":59,"minecraft:wooden_axe":11,"minecraft:dark_oak_planks":15,"minecraft:iron_axe":175,"botania:pink_mystical_flower":1,"minecraft:golden_carrot":3,"botania:mana_pool":1,"minecraft:acacia_planks":2,"minecraft:observer":1,"minecraft:cooked_mutton":2,"minecraft:acacia_boat":1,"minecraft:water_bucket":27,"minecraft:cobblestone_stairs":1,"minecraft:polished_andesite":10,"minecraft:baked_potato":5,"minecraft:birch_boat":1,"botania:mana_spreader":1,"minecraft:salmon":5,"minecraft:terracotta":2,"minecraft:crafting_table":14,"minecraft:oak_slab":8,"minecraft:lime_bed":1,"minecraft:white_bed":4,"minecraft:cod":3,"botania:apothecary_default":2,"minecraft:spruce_log":12,"minecraft:oak_log":4,"minecraft:iron_pickaxe":392,"twilightforest:firefly_jar":1,"minecraft:cyan_concrete":4,"minecraft:stone_axe":39,"minecraft:cobblestone":172,"minecraft:porkchop":1,"minecraft:cooked_porkchop":4,"minecraft:bucket":33,"minecraft:pumpkin_pie":1,"alexsmobs:animal_dictionary":9,"minecraft:dandelion":6,"twilightforest:cicada":1},"minecraft:crafted":{"botania:green_petal":8,"minecraft:oak_planks":88,"minecraft:cobblestone_slab":6,"botania:purple_petal":2,"minecraft:birch_boat":1,"botania:mana_pool":1,"minecraft:stone":59,"sophisticatedbackpacks:crafting_upgrade":1,"minecraft:green_dye":8,"botania:twig_wand":1,"minecraft:bow":1,"minecraft:chest":4,"minecraft:magenta_dye":5,"botania:cyan_petal":10,"sophisticatedbackpacks:backpack":1,"minecraft:cooked_porkchop":8,"minecraft:crafting_table":9,"minecraft:spruce_planks":76,"minecraft:wooden_pickaxe":1,"botania:livingwood_twig":4,"minecraft:birch_planks":28,"sophisticatedbackpacks:upgrade_base":1,"minecraft:iron_chestplate":1,"minecraft:yellow_dye":3,"minecraft:shield":3,"minecraft:stick":52,"minecraft:light_blue_dye":2,"minecraft:iron_ingot":1,"minecraft:iron_pickaxe":3,"minecraft:stone_sword":1,"botania:apothecary_default":1,"minecraft:shears":1,"minecraft:wooden_sword":1,"minecraft:furnace":2,"botania:blue_petal":14,"minecraft:bone_meal":12,"minecraft:leather":7,"minecraft:iron_axe":1,"botania:white_petal":6,"botania:flower_bag":1,"minecraft:stone_pickaxe":2,"botania:light_blue_petal":2,"minecraft:dark_oak_planks":44,"sophisticatedbackpacks:iron_backpack":2,"minecraft:red_dye":5,"botania:fertilizer":7,"botania:mana_spreader":1,"minecraft:iron_sword":1,"minecraft:bowl":4,"minecraft:leather_helmet":1,"sophisticatedbackpacks:gold_backpack":2,"minecraft:stone_axe":1,"minecraft:bread":61,"minecraft:acacia_boat":1,"minecraft:air":0,"minecraft:blue_dye":5,"minecraft:oak_boat":1,"botania:pestle_and_mortar":1,"botania:magenta_petal":6,"minecraft:wooden_axe":1,"minecraft:iron_shovel":3,"minecraft:iron_leggings":2,"minecraft:white_bed":1,"minecraft:acacia_planks":48,"minecraft:torch":60}},"DataVersion":2586}