{"stats":{"minecraft:killed_by":{"minecraft:pillager":1,"minecraft:witch":1,"minecraft:player":1,"alexsmobs:bald_eagle":1,"minecraft:skeleton":10},"minecraft:broken":{"minecraft:iron_shovel":1,"botania:manasteel_pick":1,"minecraft:iron_leggings":1,"minecraft:diamond_shovel":1,"minecraft:iron_sword":1,"minecraft:shield":1,"minecraft:iron_pickaxe":2},"minecraft:used":{"minecraft:beetroot":1,"minecraft:red_sand":8,"minecraft:iron_shovel":299,"botania:white_petal":5,"minecraft:shield":78,"minecraft:chest":4,"minecraft:stone":16,"minecraft:iron_sword":903,"minecraft:mutton":5,"minecraft:carrot":3,"minecraft:glass":6,"minecraft:bricks":7,"minecraft:stone_brick_stairs":2,"minecraft:stone_bricks":293,"botania:cyan_mystical_flower":1,"minecraft:oak_sapling":10,"minecraft:furnace":7,"minecraft:cooked_cod":7,"minecraft:egg":1,"minecraft:spruce_door":3,"minecraft:stone_pickaxe":31,"minecraft:oak_planks":89,"minecraft:ender_pearl":2,"minecraft:wooden_pickaxe":15,"minecraft:sandstone":10,"farmersdelight:organic_compost":1,"minecraft:sand":16,"botania:fertilizer":5,"minecraft:blast_furnace":1,"minecraft:crossbow":1,"minecraft:stone_brick_wall":188,"minecraft:bread":63,"minecraft:stone_button":1,"botania:manasteel_pick":304,"minecraft:gravel":1,"minecraft:wooden_sword":4,"botania:pure_daisy":7,"minecraft:andesite":2,"minecraft:oak_boat":1,"minecraft:bone_meal":31,"botania:hydroangeas":2,"minecraft:orange_concrete":2,"minecraft:spruce_planks":3,"minecraft:cooked_salmon":3,"minecraft:cooked_chicken":6,"minecraft:sandstone_wall":1,"minecraft:torch":4,"minecraft:dirt":1680,"alexsmobs:maraca":22,"botania:twig_wand":88,"minecraft:granite":1,"minecraft:iron_hoe":27,"minecraft:stone_brick_slab":9,"minecraft:dark_oak_planks":1,"minecraft:iron_axe":108,"minecraft:golden_carrot":1,"minecraft:beef":11,"botania:mana_pool":4,"minecraft:stone_pressure_plate":1,"minecraft:cooked_beef":15,"botania:lime_mystical_flower":3,"minecraft:cooked_mutton":24,"minecraft:water_bucket":32,"farmersdelight:iron_knife":2,"botania:endoflame":3,"minecraft:polished_andesite":4,"botania:mana_spreader":6,"minecraft:stonecutter":1,"farmersdelight:onion":34,"minecraft:stripped_dark_oak_log":2,"minecraft:lime_bed":1,"minecraft:crafting_table":16,"botania:light_blue_mystical_flower":1,"minecraft:white_bed":6,"minecraft:cod":2,"botania:red_mystical_flower":1,"minecraft:spruce_log":118,"botania:apothecary_default":1,"minecraft:smoker":1,"minecraft:oak_log":32,"minecraft:apple":1,"minecraft:diamond_shovel":1604,"minecraft:chicken":1,"minecraft:iron_pickaxe":701,"botania:manasteel_axe":197,"minecraft:spruce_sapling":12,"minecraft:stone_axe":105,"minecraft:fishing_rod":6,"minecraft:cobblestone":84,"minecraft:potion":1,"tconstruct:seared_melter":1,"minecraft:cooked_porkchop":8,"minecraft:bucket":35,"alexsmobs:animal_dictionary":7,"minecraft:dandelion":1,"minecraft:gray_wool":2,"alexsmobs:emu_egg":1},"minecraft:dropped":{"farmersdelight:iron_knife":1,"minecraft:iron_sword":1,"minecraft:birch_planks":14,"botania:red_mystical_flower":2,"minecraft:ender_pearl":1,"botania:black_mystical_flower":6,"minecraft:crossbow":4,"botania:mana_string":1,"minecraft:flint":1,"minecraft:cobblestone_stairs":1,"farmersdelight:onion":11,"minecraft:wooden_sword":1,"minecraft:sand":1,"botania:white_petal":16,"minecraft:bone":6,"minecraft:golden_chestplate":1,"minecraft:wheat":4,"minecraft:stripped_dark_oak_log":1,"minecraft:rotten_flesh":16,"botania:purple_mystical_flower":3,"minecraft:carrot":4,"minecraft:gunpowder":10,"botania:brown_petal":6,"minecraft:iron_ingot":9,"minecraft:wheat_seeds":137,"ars_nouveau:pierce_arrow":27,"botania:red_petal":3,"minecraft:iron_helmet":2,"minecraft:feather":4,"minecraft:cobblestone":8,"minecraft:apple":8,"minecraft:coal":53,"ars_nouveau:worn_notebook":1,"minecraft:torch":20,"minecraft:wooden_axe":1,"minecraft:potion":2,"minecraft:string":10,"ars_nouveau:wilden_wing":1,"minecraft:furnace":1,"botania:livingwood_planks":22,"botania:light_gray_petal":2,"farmersdelight:cabbage_seeds":1,"minecraft:shield":1,"minecraft:allium":3,"minecraft:iron_chestplate":1,"minecraft:andesite":1,"minecraft:oak_sapling":2,"minecraft:spider_eye":1,"minecraft:light_gray_dye":1,"minecraft:sandstone":1,"minecraft:stone_pickaxe":1,"minecraft:wooden_pickaxe":2},"minecraft:killed":{"minecraft:witch":5,"minecraft:spider":21,"minecraft:skeleton":26,"minecraft:chicken":3,"ars_nouveau:carbuncle":1,"minecraft:pig":5,"minecraft:zombie_villager":2,"minecraft:salmon":5,"minecraft:creeper":12,"minecraft:sheep":19,"minecraft:pillager":15,"minecraft:zombie":61,"minecraft:cow":16,"alexsmobs:seagull":1,"alexsmobs:rattlesnake":2,"minecraft:horse":1,"ars_nouveau:summon_wolf":7,"ars_nouveau:drygmy":1,"alexsmobs:cockroach":1,"ars_nouveau:wilden_stalker":9,"ars_nouveau:wilden_hunter":4,"minecraft:enderman":1},"minecraft:crafted":{"minecraft:oak_planks":340,"botania:livingwood_planks":32,"minecraft:cobblestone_slab":6,"minecraft:cooked_chicken":2,"botania:mana_pool":1,"minecraft:stone":404,"minecraft:diamond_shovel":1,"botania:gray_petal":16,"minecraft:cooked_mutton":24,"tconstruct:seared_melter":1,"botania:red_petal":24,"minecraft:glass":11,"minecraft:stone_brick_slab":8,"botania:twig_wand":1,"minecraft:iron_boots":1,"tconstruct:seared_brick":24,"minecraft:chest":1,"botania:light_gray_petal":4,"minecraft:magenta_dye":15,"minecraft:smoker":1,"sophisticatedbackpacks:backpack":1,"minecraft:cooked_porkchop":8,"minecraft:crafting_table":9,"minecraft:spruce_planks":16,"farmersdelight:iron_knife":1,"minecraft:wooden_pickaxe":1,"minecraft:iron_helmet":1,"minecraft:spruce_door":3,"botania:livingwood_twig":8,"minecraft:stone_brick_stairs":3,"minecraft:iron_chestplate":1,"minecraft:yellow_dye":9,"minecraft:shield":2,"minecraft:stick":28,"minecraft:iron_ingot":69,"minecraft:iron_pickaxe":2,"minecraft:light_gray_dye":1,"botania:apothecary_default":1,"tconstruct:seared_fuel_gauge":1,"botania:brown_petal":12,"minecraft:wooden_sword":1,"minecraft:furnace":2,"botania:blue_petal":2,"minecraft:bone_meal":42,"botania:black_petal":2,"minecraft:leather":4,"minecraft:iron_axe":1,"botania:white_petal":12,"minecraft:iron_hoe":1,"minecraft:stone_pickaxe":1,"minecraft:dark_oak_planks":16,"sophisticatedbackpacks:iron_backpack":1,"minecraft:wheat":189,"minecraft:cooked_beef":15,"minecraft:cooked_cod":7,"botania:fertilizer":5,"botania:manasteel_pick":1,"botania:mana_spreader":1,"minecraft:iron_sword":5,"botania:lexicon":1,"minecraft:cooked_salmon":3,"sophisticatedbackpacks:gold_backpack":1,"minecraft:bucket":1,"minecraft:stone_axe":1,"minecraft:air":0,"minecraft:bread":64,"minecraft:oak_boat":1,"alexsmobs:maraca":1,"botania:manasteel_axe":1,"minecraft:iron_shovel":2,"minecraft:iron_leggings":1,"minecraft:white_bed":2,"minecraft:torch":48,"minecraft:clay":13,"tconstruct:grout":24},"minecraft:picked_up":{"minecraft:wooden_axe":1,"alexsmobs:maraca":2,"minecraft:iron_chestplate":4,"minecraft:wheat":4,"minecraft:redstone_block":1,"ars_nouveau:pierce_arrow":27,"botania:livingwood":31,"minecraft:potion":4,"botania:livingwood_twig":4,"minecraft:string":33,"minecraft:iron_leggings":3,"ars_nouveau:mana_gem":4,"minecraft:beetroot":1,"minecraft:red_sand":8,"minecraft:comparator":1,"minecraft:spruce_planks":3,"botania:hydroangeas":3,"minecraft:cobblestone_slab":4,"minecraft:iron_pickaxe":3,"minecraft:furnace":11,"farmersdelight:cabbage_seeds":5,"minecraft:iron_boots":5,"minecraft:stick":34,"minecraft:torch":24,"botania:yellow_mystical_flower":8,"minecraft:sandstone_wall":1,"minecraft:porkchop":11,"minecraft:golden_chestplate":2,"botania:white_mystical_flower":12,"botania:manasteel_ingot":6,"minecraft:cactus":6,"minecraft:rotten_flesh":93,"botania:light_gray_mystical_flower":2,"botania:livingrock":11,"minecraft:tropical_fish":6,"farmersdelight:onion":36,"ars_nouveau:worn_notebook":4,"alexsmobs:emu_egg":1,"minecraft:cod":4,"minecraft:cobblestone":720,"minecraft:feather":14,"minecraft:andesite":15,"minecraft:magenta_dye":3,"minecraft:flint":1,"minecraft:dirt":2106,"minecraft:bone":27,"farmersdelight:iron_knife":2,"botania:cyan_mystical_flower":2,"minecraft:stonecutter":1,"minecraft:wheat_seeds":275,"botania:pink_mystical_flower":4,"botania:purple_mystical_flower":5,"minecraft:glowstone_dust":6,"minecraft:oak_planks":79,"botania:gray_mystical_flower":14,"botania:mana_pool":3,"botania:red_mystical_flower":25,"minecraft:sand":70,"botania:livingwood_planks":54,"alexsmobs:animal_dictionary":3,"ars_nouveau:wilden_horn":6,"minecraft:barrel":6,"minecraft:polished_andesite":6,"minecraft:clay":10,"alexsmobs:rattlesnake_rattle":1,"minecraft:crossbow":5,"minecraft:granite":1,"minecraft:emerald":13,"minecraft:bread":116,"alexsmobs:maggot":1,"minecraft:oak_sapling":15,"minecraft:bricks":7,"minecraft:fishing_rod":3,"minecraft:crafting_table":8,"minecraft:allium":18,"minecraft:chicken":3,"minecraft:clay_ball":52,"minecraft:wooden_pickaxe":1,"ars_nouveau:blue_archwood_sapling":3,"minecraft:stone_brick_wall":11,"minecraft:gold_block":1,"minecraft:shield":4,"botania:endoflame":3,"minecraft:orange_concrete":2,"minecraft:iron_axe":1,"minecraft:wooden_sword":2,"botania:magenta_mystical_flower":7,"botania:mana_string":3,"botania:black_petal":2,"botania:pure_daisy":9,"minecraft:beef":35,"minecraft:player_head":1,"minecraft:spruce_slab":15,"minecraft:lectern":1,"minecraft:sugar_cane":14,"minecraft:chest":2,"farmersdelight:golden_knife":1,"minecraft:spruce_trapdoor":6,"minecraft:egg":1,"minecraft:sandstone":11,"sophisticatedbackpacks:backpack":1,"minecraft:stone_button":1,"minecraft:carrot":6,"minecraft:redstone":4,"minecraft:stone_pressure_plate":2,"minecraft:dark_oak_planks":1,"ars_nouveau:green_archwood_log":6,"minecraft:arrow":31,"minecraft:cooked_cod":4,"botania:lime_mystical_flower":16,"minecraft:beetroot_seeds":8,"botania:blue_mystical_flower":17,"minecraft:hay_block":19,"minecraft:stripped_dark_oak_wood":1,"botania:green_mystical_flower":2,"minecraft:mutton":59,"minecraft:white_wool":33,"minecraft:oxeye_daisy":16,"minecraft:stripped_oak_log":1,"minecraft:lime_bed":1,"minecraft:golden_carrot":1,"minecraft:salmon":6,"minecraft:leather":47,"minecraft:yellow_dye":1,"minecraft:filled_map":4,"minecraft:birch_planks":15,"ars_nouveau:wilden_wing":7,"minecraft:oak_log":120,"minecraft:gunpowder":34,"minecraft:cobblestone_stairs":1,"minecraft:white_banner":2,"botania:light_blue_mystical_flower":2,"botania:black_mystical_flower":17,"tconstruct:seared_brick":15,"minecraft:orange_terracotta":1,"farmersdelight:organic_compost":1,"minecraft:apple":8,"minecraft:stone_bricks":136,"minecraft:iron_ingot":25,"minecraft:stone_pickaxe":1,"minecraft:iron_ore":69,"minecraft:glass_bottle":1,"minecraft:iron_sword":4,"botania:mana_spreader":5,"minecraft:book":54,"minecraft:stone_brick_slab":9,"ars_nouveau:red_archwood_sapling":3,"minecraft:dandelion":12,"minecraft:gravel":14,"minecraft:spruce_sapling":12,"minecraft:blast_furnace":1,"minecraft:white_bed":4,"botania:white_petal":15,"minecraft:spruce_log":176,"minecraft:spruce_door":1,"minecraft:spider_eye":9,"minecraft:stone_axe":3,"botania:orange_mystical_flower":2,"minecraft:iron_helmet":3,"minecraft:gray_wool":3,"tconstruct:seared_melter":2,"minecraft:stripped_dark_oak_log":6,"botania:brown_mystical_flower":19,"minecraft:coal":301},"minecraft:custom":{"minecraft:interact_with_crafting_table":67,"minecraft:open_barrel":20,"minecraft:leave_game":4,"minecraft:time_since_death":28124,"minecraft:sprint_one_cm":1090562,"minecraft:damage_blocked_by_shield":4340,"minecraft:drop":208,"minecraft:talked_to_villager":7,"minecraft:deaths":15,"minecraft:jump":8187,"minecraft:walk_on_water_one_cm":49870,"minecraft:interact_with_furnace":131,"minecraft:play_one_minute":469780,"minecraft:sleep_in_bed":22,"minecraft:damage_dealt":37535,"minecraft:crouch_one_cm":25829,"minecraft:interact_with_smoker":20,"minecraft:mob_kills":224,"minecraft:inspect_hopper":4,"minecraft:climb_one_cm":3468,"minecraft:walk_one_cm":1532146,"minecraft:damage_dealt_absorbed":120,"minecraft:sneak_time":8308,"minecraft:walk_under_water_one_cm":32942,"minecraft:boat_one_cm":111094,"minecraft:interact_with_blast_furnace":13,"minecraft:interact_with_stonecutter":20,"minecraft:time_since_rest":5962,"minecraft:damage_taken":10692,"minecraft:swim_one_cm":18796,"minecraft:fly_one_cm":1801363,"minecraft:open_chest":129,"minecraft:fall_one_cm":205321},"minecraft:mined":{"minecraft:dark_oak_planks":1,"botania:mana_pool":3,"minecraft:spruce_planks":3,"minecraft:stone_pressure_plate":2,"minecraft:white_bed":4,"minecraft:farmland":3,"botania:red_mystical_flower":21,"minecraft:cobblestone_stairs":1,"minecraft:spruce_trapdoor":2,"minecraft:granite":1,"minecraft:stone_brick_wall":11,"minecraft:grass_block":1452,"botania:black_double_flower":1,"minecraft:spawner":4,"minecraft:orange_concrete":2,"botania:purple_mystical_flower":4,"minecraft:iron_ore":66,"minecraft:barrel":3,"tconstruct:seared_melter":1,"minecraft:stripped_dark_oak_wood":1,"botania:brown_mystical_flower":13,"botania:light_blue_mystical_flower":2,"minecraft:player_head":1,"minecraft:spruce_slab":3,"botania:green_mystical_flower":1,"botania:orange_mystical_flower":1,"farmersdelight:organic_compost":1,"minecraft:orange_terracotta":1,"minecraft:clay":15,"minecraft:blast_furnace":1,"botania:hydroangeas":1,"minecraft:dead_bush":2,"botania:endoflame":1,"minecraft:cobblestone":7,"botania:blue_mystical_flower":9,"minecraft:oak_planks":13,"minecraft:sugar_cane":5,"minecraft:bricks":6,"botania:black_mystical_flower":6,"ars_nouveau:red_archwood_leaves":12,"minecraft:seagrass":1,"minecraft:grass":233,"minecraft:oak_log":121,"minecraft:sand":74,"minecraft:dirt":326,"minecraft:sandstone_wall":1,"minecraft:stonecutter":1,"minecraft:oak_leaves":35,"botania:magenta_double_flower":1,"farmersdelight:onions":4,"ars_nouveau:green_archwood_leaves":3,"farmersdelight:wild_carrots":6,"minecraft:stone_button":1,"farmersdelight:wild_cabbages":4,"minecraft:spruce_leaves":36,"minecraft:sandstone":11,"minecraft:hay_block":20,"farmersdelight:wild_onions":8,"botania:magenta_mystical_flower":6,"minecraft:spruce_sapling":4,"minecraft:furnace":6,"minecraft:andesite":9,"minecraft:gold_block":1,"minecraft:bookshelf":9,"botania:livingrock":8,"botania:pure_daisy":7,"minecraft:stripped_oak_log":1,"botania:mana_spreader":5,"minecraft:stone":585,"botania:lime_mystical_flower":11,"botania:white_buried_petals":5,"ars_nouveau:green_archwood_log":3,"minecraft:stripped_dark_oak_log":3,"minecraft:stone_brick_slab":9,"minecraft:dandelion":11,"minecraft:spruce_door":1,"minecraft:crafting_table":7,"minecraft:lectern":1,"minecraft:tall_grass":31,"botania:white_double_flower":2,"ars_nouveau:blue_archwood_leaves":10,"botania:livingwood":30,"botania:pink_mystical_flower":2,"farmersdelight:wild_beetroots":8,"botania:cyan_mystical_flower":2,"minecraft:birch_planks":1,"minecraft:cactus":2,"minecraft:birch_leaves":1,"minecraft:spruce_log":176,"minecraft:grass_path":16,"botania:white_mystical_flower":9,"botania:yellow_mystical_flower":4,"minecraft:coal_ore":158,"evilcraft:blood_stain":1,"minecraft:gravel":14,"botania:gray_mystical_flower":11,"minecraft:acacia_planks":1,"ars_nouveau:arcane_ore":4,"minecraft:stone_bricks":125,"minecraft:polished_andesite":9}},"DataVersion":2586}