{"stats":{"minecraft:custom":{"minecraft:interact_with_crafting_table":36,"minecraft:open_barrel":20,"minecraft:leave_game":2,"minecraft:time_since_death":3468,"minecraft:sprint_one_cm":588005,"minecraft:damage_blocked_by_shield":4180,"minecraft:drop":115,"minecraft:talked_to_villager":7,"minecraft:deaths":13,"minecraft:jump":4219,"minecraft:walk_on_water_one_cm":43740,"minecraft:interact_with_furnace":55,"minecraft:play_one_minute":216763,"minecraft:sleep_in_bed":3,"minecraft:damage_dealt":22045,"minecraft:crouch_one_cm":16842,"minecraft:mob_kills":121,"minecraft:inspect_hopper":4,"minecraft:climb_one_cm":3468,"minecraft:walk_one_cm":721511,"minecraft:damage_dealt_absorbed":120,"minecraft:sneak_time":5499,"minecraft:walk_under_water_one_cm":13184,"minecraft:boat_one_cm":111094,"minecraft:time_since_rest":3500,"minecraft:damage_taken":7614,"minecraft:swim_one_cm":9460,"minecraft:fly_one_cm":942575,"minecraft:open_chest":46,"minecraft:fall_one_cm":111593},"minecraft:dropped":{"minecraft:birch_planks":14,"botania:red_mystical_flower":2,"minecraft:ender_pearl":1,"botania:black_mystical_flower":2,"minecraft:crossbow":4,"minecraft:cobblestone_stairs":1,"farmersdelight:onion":11,"minecraft:wooden_sword":1,"minecraft:sand":1,"botania:white_petal":15,"minecraft:bone":6,"minecraft:wheat":4,"minecraft:stripped_dark_oak_log":1,"minecraft:rotten_flesh":14,"botania:purple_mystical_flower":3,"minecraft:carrot":4,"minecraft:gunpowder":1,"minecraft:iron_ingot":1,"minecraft:wheat_seeds":71,"ars_nouveau:pierce_arrow":27,"minecraft:iron_helmet":1,"minecraft:cobblestone":8,"minecraft:apple":8,"ars_nouveau:worn_notebook":1,"minecraft:torch":20,"minecraft:wooden_axe":1,"minecraft:potion":2,"minecraft:string":6,"ars_nouveau:wilden_wing":1,"minecraft:furnace":1,"farmersdelight:cabbage_seeds":1,"minecraft:shield":1,"minecraft:allium":3,"minecraft:iron_chestplate":1,"minecraft:andesite":1,"minecraft:oak_sapling":1,"minecraft:spider_eye":1,"minecraft:light_gray_dye":1,"minecraft:sandstone":1,"minecraft:stone_pickaxe":1,"minecraft:wooden_pickaxe":2},"minecraft:picked_up":{"minecraft:wooden_axe":1,"minecraft:iron_chestplate":4,"minecraft:wheat":4,"minecraft:redstone_block":1,"ars_nouveau:pierce_arrow":27,"botania:livingwood":22,"minecraft:potion":4,"botania:livingwood_twig":3,"minecraft:string":23,"minecraft:iron_leggings":3,"ars_nouveau:mana_gem":4,"minecraft:red_sand":8,"minecraft:comparator":1,"minecraft:spruce_planks":1,"minecraft:iron_pickaxe":3,"minecraft:furnace":11,"farmersdelight:cabbage_seeds":2,"minecraft:iron_boots":4,"minecraft:stick":17,"minecraft:torch":24,"minecraft:sandstone_wall":1,"minecraft:porkchop":4,"botania:white_mystical_flower":4,"minecraft:cactus":6,"minecraft:rotten_flesh":24,"botania:livingrock":8,"minecraft:tropical_fish":6,"farmersdelight:onion":12,"ars_nouveau:worn_notebook":4,"alexsmobs:emu_egg":1,"minecraft:cod":4,"minecraft:cobblestone":264,"minecraft:feather":2,"minecraft:andesite":15,"minecraft:dirt":1123,"minecraft:bone":18,"botania:cyan_mystical_flower":2,"minecraft:stonecutter":1,"minecraft:wheat_seeds":130,"botania:purple_mystical_flower":3,"minecraft:glowstone_dust":6,"minecraft:oak_planks":73,"botania:mana_pool":3,"botania:red_mystical_flower":3,"minecraft:sand":32,"alexsmobs:animal_dictionary":3,"minecraft:barrel":6,"minecraft:polished_andesite":6,"alexsmobs:rattlesnake_rattle":1,"minecraft:crossbow":5,"minecraft:granite":1,"minecraft:bread":116,"minecraft:emerald":12,"alexsmobs:maggot":1,"minecraft:oak_sapling":12,"minecraft:bricks":7,"minecraft:fishing_rod":3,"minecraft:crafting_table":7,"minecraft:allium":3,"minecraft:chicken":1,"minecraft:wooden_pickaxe":1,"ars_nouveau:blue_archwood_sapling":3,"minecraft:gold_block":1,"minecraft:shield":4,"minecraft:orange_concrete":2,"minecraft:wooden_sword":2,"botania:pure_daisy":6,"minecraft:beef":25,"minecraft:player_head":1,"minecraft:spruce_slab":15,"minecraft:lectern":1,"minecraft:sugar_cane":14,"minecraft:spruce_trapdoor":6,"minecraft:egg":1,"minecraft:sandstone":11,"sophisticatedbackpacks:backpack":1,"minecraft:stone_button":1,"minecraft:carrot":6,"minecraft:stone_pressure_plate":2,"minecraft:dark_oak_planks":1,"minecraft:cooked_cod":4,"minecraft:arrow":24,"botania:lime_mystical_flower":6,"botania:blue_mystical_flower":1,"minecraft:hay_block":19,"minecraft:stripped_dark_oak_wood":1,"minecraft:mutton":47,"minecraft:white_wool":18,"minecraft:oxeye_daisy":16,"minecraft:stripped_oak_log":1,"minecraft:lime_bed":1,"minecraft:golden_carrot":1,"minecraft:leather":24,"minecraft:filled_map":4,"minecraft:birch_planks":15,"ars_nouveau:wilden_wing":4,"minecraft:oak_log":83,"minecraft:gunpowder":7,"minecraft:cobblestone_stairs":1,"botania:light_blue_mystical_flower":2,"botania:black_mystical_flower":4,"minecraft:orange_terracotta":1,"farmersdelight:organic_compost":1,"minecraft:apple":8,"minecraft:stone_bricks":18,"minecraft:iron_ingot":23,"minecraft:stone_pickaxe":1,"minecraft:iron_ore":61,"botania:mana_spreader":5,"minecraft:iron_sword":3,"minecraft:book":27,"ars_nouveau:red_archwood_sapling":3,"minecraft:dandelion":3,"minecraft:gravel":2,"minecraft:blast_furnace":1,"botania:white_petal":15,"minecraft:spider_eye":3,"minecraft:stone_axe":3,"minecraft:iron_helmet":2,"minecraft:gray_wool":1,"minecraft:coal":163,"minecraft:stripped_dark_oak_log":6,"botania:brown_mystical_flower":1},"minecraft:broken":{"minecraft:shield":1},"minecraft:crafted":{"minecraft:oak_planks":248,"botania:livingwood_planks":32,"minecraft:cobblestone_slab":6,"botania:mana_pool":1,"minecraft:stone":25,"minecraft:diamond_shovel":1,"minecraft:cooked_mutton":12,"botania:twig_wand":1,"minecraft:iron_boots":1,"minecraft:chest":1,"sophisticatedbackpacks:backpack":1,"minecraft:crafting_table":8,"minecraft:wooden_pickaxe":1,"minecraft:iron_helmet":1,"botania:livingwood_twig":3,"minecraft:iron_chestplate":1,"minecraft:shield":2,"minecraft:stick":24,"minecraft:iron_ingot":26,"minecraft:iron_pickaxe":1,"minecraft:light_gray_dye":1,"botania:apothecary_default":1,"minecraft:wooden_sword":1,"minecraft:furnace":1,"botania:blue_petal":2,"minecraft:leather":1,"minecraft:iron_axe":1,"botania:white_petal":8,"minecraft:stone_pickaxe":1,"minecraft:dark_oak_planks":16,"minecraft:wheat":189,"sophisticatedbackpacks:iron_backpack":1,"minecraft:cooked_beef":5,"minecraft:cooked_cod":7,"botania:mana_spreader":1,"minecraft:iron_sword":4,"botania:lexicon":1,"sophisticatedbackpacks:gold_backpack":1,"minecraft:bucket":1,"minecraft:stone_axe":1,"minecraft:bread":64,"minecraft:air":0,"minecraft:oak_boat":1,"minecraft:iron_leggings":1,"minecraft:white_bed":1,"minecraft:torch":44},"minecraft:killed_by":{"minecraft:pillager":1,"minecraft:witch":1,"minecraft:player":1,"minecraft:skeleton":10},"minecraft:killed":{"minecraft:witch":4,"minecraft:spider":10,"minecraft:skeleton":20,"minecraft:chicken":1,"minecraft:pig":1,"minecraft:zombie_villager":2,"minecraft:creeper":5,"minecraft:sheep":11,"minecraft:pillager":12,"minecraft:zombie":30,"minecraft:cow":10,"alexsmobs:seagull":1,"alexsmobs:rattlesnake":2,"ars_nouveau:summon_wolf":2,"ars_nouveau:wilden_stalker":3,"ars_nouveau:wilden_hunter":1,"minecraft:enderman":1},"minecraft:used":{"minecraft:red_sand":8,"botania:white_petal":5,"minecraft:chest":2,"minecraft:shield":73,"minecraft:stone":16,"minecraft:iron_sword":559,"minecraft:mutton":5,"minecraft:carrot":3,"minecraft:bricks":7,"minecraft:stone_bricks":6,"botania:cyan_mystical_flower":1,"minecraft:furnace":6,"minecraft:oak_sapling":10,"minecraft:cooked_cod":5,"minecraft:egg":1,"minecraft:stone_pickaxe":30,"minecraft:oak_planks":78,"minecraft:ender_pearl":2,"minecraft:wooden_pickaxe":15,"minecraft:sandstone":10,"farmersdelight:organic_compost":1,"minecraft:sand":16,"minecraft:crossbow":1,"minecraft:bread":61,"minecraft:stone_button":1,"minecraft:gravel":1,"minecraft:wooden_sword":4,"botania:pure_daisy":5,"minecraft:andesite":2,"minecraft:oak_boat":1,"botania:hydroangeas":1,"minecraft:orange_concrete":2,"minecraft:spruce_planks":1,"minecraft:sandstone_wall":1,"minecraft:cooked_chicken":4,"minecraft:dirt":1102,"botania:twig_wand":50,"minecraft:granite":1,"minecraft:dark_oak_planks":1,"minecraft:iron_axe":46,"minecraft:golden_carrot":1,"minecraft:beef":4,"botania:mana_pool":4,"minecraft:stone_pressure_plate":1,"minecraft:cooked_beef":5,"botania:lime_mystical_flower":3,"minecraft:cooked_mutton":12,"minecraft:water_bucket":30,"minecraft:polished_andesite":4,"botania:mana_spreader":6,"minecraft:stripped_dark_oak_log":2,"minecraft:crafting_table":14,"minecraft:lime_bed":1,"botania:light_blue_mystical_flower":1,"minecraft:white_bed":1,"minecraft:cod":1,"botania:apothecary_default":1,"botania:red_mystical_flower":1,"minecraft:oak_log":22,"minecraft:diamond_shovel":1100,"minecraft:chicken":1,"minecraft:iron_pickaxe":270,"minecraft:stone_axe":105,"minecraft:fishing_rod":6,"minecraft:cobblestone":79,"minecraft:potion":1,"minecraft:bucket":31,"alexsmobs:animal_dictionary":2,"minecraft:dandelion":1,"minecraft:gray_wool":1,"alexsmobs:emu_egg":1},"minecraft:mined":{"minecraft:dark_oak_planks":1,"botania:mana_pool":3,"minecraft:stone_pressure_plate":2,"minecraft:spruce_planks":1,"botania:red_mystical_flower":3,"minecraft:cobblestone_stairs":1,"minecraft:spruce_trapdoor":2,"minecraft:granite":1,"minecraft:grass_block":810,"minecraft:spawner":4,"minecraft:orange_concrete":2,"botania:purple_mystical_flower":3,"minecraft:iron_ore":58,"minecraft:barrel":3,"minecraft:stripped_dark_oak_wood":1,"botania:brown_mystical_flower":1,"botania:light_blue_mystical_flower":2,"minecraft:player_head":1,"minecraft:spruce_slab":3,"farmersdelight:organic_compost":1,"minecraft:orange_terracotta":1,"minecraft:blast_furnace":1,"minecraft:dead_bush":2,"minecraft:cobblestone":3,"botania:blue_mystical_flower":1,"minecraft:sugar_cane":5,"minecraft:oak_planks":7,"minecraft:bricks":6,"ars_nouveau:red_archwood_leaves":12,"botania:black_mystical_flower":1,"minecraft:grass":164,"minecraft:oak_log":84,"minecraft:sand":35,"minecraft:dirt":264,"minecraft:sandstone_wall":1,"minecraft:stonecutter":1,"minecraft:oak_leaves":14,"farmersdelight:wild_carrots":6,"minecraft:stone_button":1,"farmersdelight:wild_cabbages":1,"minecraft:sandstone":11,"minecraft:hay_block":20,"farmersdelight:wild_onions":1,"minecraft:furnace":6,"minecraft:andesite":9,"minecraft:gold_block":1,"minecraft:bookshelf":9,"botania:livingrock":8,"botania:pure_daisy":5,"minecraft:stripped_oak_log":1,"botania:mana_spreader":5,"minecraft:stone":130,"botania:lime_mystical_flower":6,"botania:white_buried_petals":5,"minecraft:stripped_dark_oak_log":3,"minecraft:dandelion":2,"minecraft:crafting_table":7,"minecraft:lectern":1,"minecraft:tall_grass":28,"ars_nouveau:blue_archwood_leaves":10,"botania:livingwood":22,"botania:cyan_mystical_flower":2,"minecraft:birch_planks":1,"minecraft:cactus":2,"minecraft:birch_leaves":1,"botania:white_mystical_flower":4,"minecraft:coal_ore":33,"minecraft:gravel":1,"minecraft:acacia_planks":1,"minecraft:polished_andesite":9,"minecraft:stone_bricks":6,"ars_nouveau:arcane_ore":4}},"DataVersion":2586}