{"stats":{"minecraft:mined":{"minecraft:yellow_terracotta":1,"minecraft:diamond_ore":3,"minecraft:spruce_planks":3,"botania:orange_double_flower":1,"minecraft:potted_cactus":1,"minecraft:dark_oak_fence":2,"minecraft:granite":6,"minecraft:grass_block":386,"minecraft:jungle_planks":3,"minecraft:purpur_slab":2,"minecraft:spruce_leaves":9,"minecraft:sandstone":38,"minecraft:spawner":7,"minecraft:red_concrete_powder":3,"minecraft:iron_ore":5,"minecraft:barrel":2,"minecraft:pink_concrete":11,"minecraft:andesite":7,"minecraft:gold_block":1,"minecraft:dark_oak_stairs":5,"minecraft:stone":1032,"ars_nouveau:purple_archwood_log":79,"minecraft:cut_sandstone":5,"minecraft:acacia_leaves":1,"botania:orange_mystical_flower":2,"minecraft:red_wool":2,"minecraft:orange_terracotta":2,"minecraft:crafting_table":1,"minecraft:torch":3,"minecraft:oak_wood":10,"minecraft:poppy":1,"minecraft:chest":18,"ars_nouveau:purple_archwood_sapling":2,"minecraft:cobblestone":4,"farmersdelight:wild_tomatoes":4,"minecraft:cyan_bed":1,"minecraft:red_concrete":3,"minecraft:wall_torch":1,"minecraft:diorite":105,"ars_nouveau:blue_archwood_leaves":43,"botania:black_mystical_flower":4,"ars_nouveau:blue_archwood_log":72,"ars_nouveau:purple_archwood_leaves":7,"minecraft:spruce_log":7,"minecraft:tnt":9,"minecraft:grass":13,"minecraft:coal_ore":55,"minecraft:oak_log":18,"minecraft:yellow_concrete":3,"minecraft:gravel":1,"minecraft:cyan_carpet":5,"minecraft:sand":6,"minecraft:dirt":467,"minecraft:cobweb":2,"minecraft:terracotta":3,"ars_nouveau:arcane_ore":2,"minecraft:oak_leaves":20},"minecraft:killed":{"ars_nouveau:sylph":1,"minecraft:skeleton":2,"alexsmobs:kangaroo":1,"alexsmobs:grizzly_bear":1,"minecraft:pillager":1,"minecraft:zombie":6,"alexsmobs:roadrunner":2,"ars_nouveau:wilden_hunter":2},"minecraft:killed_by":{"minecraft:pillager":2,"ars_nouveau:wilden_hunter":1,"minecraft:skeleton":10},"minecraft:custom":{"minecraft:mob_kills":14,"minecraft:interact_with_crafting_table":24,"minecraft:open_barrel":8,"minecraft:leave_game":1,"minecraft:time_since_death":70230,"minecraft:climb_one_cm":11614,"minecraft:sprint_one_cm":466018,"minecraft:walk_one_cm":501926,"minecraft:damage_blocked_by_shield":2340,"minecraft:drop":26,"minecraft:deaths":15,"minecraft:sneak_time":1248,"minecraft:walk_under_water_one_cm":4839,"minecraft:boat_one_cm":42000,"minecraft:jump":1388,"minecraft:walk_on_water_one_cm":12086,"minecraft:interact_with_furnace":13,"minecraft:tune_noteblock":2,"minecraft:play_one_minute":155594,"minecraft:interact_with_stonecutter":1,"minecraft:time_since_rest":70281,"minecraft:damage_taken":6744,"minecraft:damage_dealt":3302,"minecraft:swim_one_cm":1609,"minecraft:fly_one_cm":171647,"minecraft:open_chest":34,"minecraft:crouch_one_cm":879,"minecraft:fall_one_cm":50777,"minecraft:horse_one_cm":872164},"minecraft:broken":{"minecraft:iron_shovel":3,"minecraft:iron_boots":1,"minecraft:shield":1,"minecraft:iron_axe":1,"minecraft:iron_pickaxe":5},"minecraft:dropped":{"farmersdelight:tomato_seeds":4,"minecraft:water_bucket":1,"minecraft:bread":1,"minecraft:diamond":3,"minecraft:cobblestone":60,"minecraft:book":1,"minecraft:golden_apple":1,"minecraft:stick":1,"farmersdelight:onion":10,"minecraft:iron_axe":2,"minecraft:iron_pickaxe":2,"minecraft:iron_shovel":1,"minecraft:string":29,"minecraft:white_wool":1,"minecraft:obsidian":8,"minecraft:experience_bottle":1,"farmersdelight:cabbage_seeds":7,"minecraft:beetroot":1,"minecraft:iron_boots":2,"minecraft:beetroot_seeds":8,"minecraft:red_sand":2},"minecraft:picked_up":{"ars_nouveau:caster_tome":4,"minecraft:iron_chestplate":3,"minecraft:wheat":8,"minecraft:flower_pot":1,"alexsmobs:roadrunner_feather":1,"ars_nouveau:blue_archwood_sapling":11,"minecraft:gold_block":1,"minecraft:enchanted_book":1,"minecraft:diamond_horse_armor":2,"minecraft:shield":1,"ars_nouveau:amplify_arrow":27,"minecraft:string":53,"minecraft:iron_axe":4,"minecraft:iron_leggings":5,"minecraft:iron_shovel":1,"ars_nouveau:mana_gem":4,"minecraft:experience_bottle":1,"minecraft:cyan_carpet":5,"minecraft:blue_orchid":13,"minecraft:beetroot":1,"minecraft:red_sand":4,"minecraft:gold_nugget":123,"minecraft:spruce_planks":4,"minecraft:beef":9,"minecraft:player_head":1,"minecraft:iron_nugget":63,"minecraft:iron_pickaxe":5,"minecraft:light_gray_wool":1,"minecraft:chest":4,"farmersdelight:cabbage_seeds":7,"minecraft:iron_boots":9,"minecraft:stick":14,"minecraft:sandstone":36,"ars_nouveau:purple_archwood_log":57,"minecraft:torch":15,"botania:mana_bottle":1,"ars_nouveau:purple_archwood_sapling":6,"sophisticatedbackpacks:backpack":3,"ars_nouveau:blue_archwood_log":61,"farmersdelight:tomato_seeds":12,"minecraft:diorite":104,"minecraft:iron_horse_armor":1,"minecraft:stone_pressure_plate":2,"botania:black_lotus":1,"minecraft:tnt":18,"minecraft:arrow":1,"minecraft:cactus":5,"minecraft:diamond_chestplate":1,"minecraft:rotten_flesh":16,"minecraft:beetroot_seeds":8,"farmersdelight:onion":10,"ars_nouveau:worn_notebook":1,"minecraft:purpur_slab":2,"minecraft:hay_block":36,"minecraft:yellow_terracotta":1,"alexsmobs:emu_egg":1,"minecraft:saddle":1,"minecraft:gold_ingot":31,"minecraft:mutton":2,"minecraft:obsidian":9,"minecraft:cobblestone":1034,"ars_nouveau:carbuncle_shards":1,"minecraft:white_wool":3,"minecraft:air":0,"minecraft:water_bucket":1,"minecraft:andesite":21,"minecraft:cut_sandstone":10,"alexsmobs:bear_fur":2,"ars_nouveau:wilden_wing":1,"minecraft:flint":1,"minecraft:oak_log":24,"minecraft:gunpowder":20,"farmersdelight:tomato":1,"minecraft:dirt":828,"botania:black_mystical_flower":4,"minecraft:orange_terracotta":1,"minecraft:bone":26,"minecraft:acacia_planks":4,"minecraft:bow":2,"minecraft:wheat_seeds":13,"minecraft:iron_ingot":69,"ars_nouveau:sylph_shards":2,"minecraft:cobweb":3,"minecraft:iron_ore":15,"minecraft:oak_planks":5,"minecraft:iron_sword":1,"minecraft:dark_oak_stairs":5,"minecraft:book":2,"minecraft:pink_concrete":11,"minecraft:red_concrete_powder":3,"minecraft:cooked_porkchop":3,"minecraft:yellow_concrete":3,"minecraft:red_wool":2,"minecraft:sand":16,"minecraft:jungle_planks":2,"minecraft:spruce_sapling":1,"minecraft:spruce_log":7,"minecraft:dead_bush":3,"minecraft:fermented_spider_eye":1,"minecraft:cyan_bed":1,"minecraft:barrel":2,"minecraft:spider_eye":6,"minecraft:mossy_cobblestone":1,"minecraft:oak_wood":8,"minecraft:dispenser":1,"minecraft:diamond":7,"botania:orange_mystical_flower":2,"minecraft:iron_helmet":5,"minecraft:granite":5,"minecraft:golden_apple":1,"minecraft:golden_horse_armor":1,"minecraft:bread":125,"minecraft:emerald":16,"minecraft:terracotta":3,"minecraft:oak_sapling":3,"minecraft:red_concrete":3,"minecraft:melon_seeds":6,"minecraft:dark_oak_fence":2,"minecraft:coal":47},"minecraft:used":{"minecraft:red_sand":2,"minecraft:iron_shovel":812,"minecraft:chest":3,"minecraft:shield":36,"minecraft:iron_sword":189,"minecraft:torch":31,"minecraft:dirt":621,"minecraft:oak_wood":2,"minecraft:obsidian":1,"minecraft:iron_axe":290,"minecraft:bow":9,"minecraft:beef":3,"minecraft:furnace":2,"minecraft:oak_sapling":1,"ars_nouveau:blue_archwood_sapling":1,"minecraft:oak_planks":33,"minecraft:stonecutter":1,"minecraft:mossy_cobblestone":1,"minecraft:crafting_table":4,"minecraft:oak_log":2,"ars_nouveau:purple_archwood_sapling":3,"minecraft:apple":4,"minecraft:bread":29,"minecraft:cyan_bed":1,"minecraft:iron_pickaxe":1327,"minecraft:cyan_carpet":2,"minecraft:cobblestone":42,"minecraft:red_concrete_powder":3,"minecraft:cooked_porkchop":3,"minecraft:andesite":7,"minecraft:oak_boat":1},"minecraft:crafted":{"minecraft:oak_planks":56,"minecraft:furnace":3,"minecraft:stone":246,"minecraft:flint_and_steel":1,"minecraft:iron_axe":2,"minecraft:chest":2,"sophisticatedbackpacks:iron_backpack":2,"minecraft:wheat":324,"minecraft:wooden_shovel":1,"minecraft:crafting_table":3,"minecraft:spruce_planks":28,"minecraft:iron_sword":1,"sophisticatedbackpacks:gold_backpack":2,"minecraft:bread":108,"minecraft:oak_boat":1,"minecraft:shield":1,"minecraft:stick":28,"minecraft:iron_pickaxe":5,"minecraft:iron_shovel":4,"minecraft:stonecutter":1,"minecraft:torch":24}},"DataVersion":2586}