{"stats":{"minecraft:mined":{"minecraft:dark_oak_planks":2,"minecraft:yellow_terracotta":1,"minecraft:diamond_ore":36,"minecraft:mossy_cobblestone":3,"botania:red_mushroom":2,"minecraft:brewing_stand":1,"minecraft:obsidian":15,"minecraft:spruce_fence":2,"minecraft:granite":30,"minecraft:acacia_log":5,"sophisticatedbackpacks:iron_backpack":1,"minecraft:grass_block":8,"minecraft:brick_stairs":1,"minecraft:sandstone":9,"minecraft:spawner":12,"botania:cyan_mushroom":1,"minecraft:hay_block":109,"minecraft:redstone_ore":4,"botania:magenta_mystical_flower":2,"minecraft:furnace":1,"minecraft:iron_ore":46,"minecraft:fire":1,"minecraft:andesite":51,"minecraft:enchanting_table":1,"minecraft:dark_oak_stairs":1,"minecraft:bookshelf":48,"minecraft:cobblestone_slab":1,"minecraft:stone":1230,"botania:light_blue_mystical_flower":3,"minecraft:player_head":2,"minecraft:white_wool":3,"ars_nouveau:purple_archwood_log":29,"minecraft:green_bed":3,"minecraft:cut_sandstone":4,"minecraft:redstone_block":2,"minecraft:player_wall_head":1,"minecraft:orange_terracotta":2,"minecraft:oak_fence":1,"minecraft:crafting_table":5,"minecraft:note_block":2,"botania:pink_mushroom":1,"minecraft:dead_bush":1,"minecraft:rose_bush":2,"minecraft:mushroom_stem":1,"minecraft:tall_grass":19,"minecraft:cobblestone":33,"minecraft:oak_planks":1,"minecraft:sugar_cane":8,"minecraft:bricks":3,"minecraft:wall_torch":5,"minecraft:diorite":24,"botania:blue_mushroom":1,"minecraft:spruce_stairs":2,"minecraft:white_terracotta":1,"minecraft:birch_planks":1,"minecraft:lime_bed":4,"minecraft:blue_terracotta":1,"ars_nouveau:purple_archwood_leaves":13,"minecraft:wheat":4,"minecraft:tnt":11,"minecraft:grass":83,"minecraft:coal_ore":39,"minecraft:oak_log":53,"minecraft:beetroots":5,"minecraft:dirt":26,"minecraft:gravel":30,"botania:gray_mystical_flower":1,"ars_nouveau:arcane_ore":2,"minecraft:oak_leaves":7},"minecraft:killed":{"minecraft:witch":1,"alexsmobs:raccoon":1,"minecraft:vindicator":2,"minecraft:spider":3,"alexsmobs:seagull":2,"minecraft:skeleton":14,"ars_nouveau:summon_wolf":2,"minecraft:piglin":1,"minecraft:husk":6,"minecraft:zombie_villager":1,"minecraft:sheep":3,"minecraft:pillager":12,"minecraft:zombie":10,"ars_nouveau:wilden_stalker":2,"ars_nouveau:wilden_hunter":2,"minecraft:cow":1},"minecraft:killed_by":{"minecraft:pillager":3,"ars_nouveau:wilden_hunter":1,"minecraft:skeleton":16},"minecraft:custom":{"minecraft:mob_kills":77,"minecraft:interact_with_crafting_table":31,"minecraft:open_barrel":27,"minecraft:leave_game":5,"minecraft:time_since_death":19192,"minecraft:climb_one_cm":4427,"minecraft:sprint_one_cm":342358,"minecraft:walk_one_cm":579755,"minecraft:damage_blocked_by_shield":6024,"minecraft:drop":75,"minecraft:play_noteblock":2,"minecraft:talked_to_villager":2,"minecraft:deaths":21,"minecraft:sneak_time":5182,"minecraft:walk_under_water_one_cm":8184,"minecraft:boat_one_cm":234613,"minecraft:jump":4524,"minecraft:walk_on_water_one_cm":26429,"minecraft:interact_with_furnace":17,"minecraft:play_one_minute":210279,"minecraft:sleep_in_bed":3,"minecraft:time_since_rest":19221,"minecraft:damage_taken":9286,"minecraft:damage_dealt":15231,"minecraft:swim_one_cm":9858,"minecraft:fly_one_cm":905277,"minecraft:open_chest":81,"minecraft:crouch_one_cm":15243,"minecraft:fall_one_cm":132844},"minecraft:broken":{"minecraft:iron_boots":1,"minecraft:shield":2,"minecraft:iron_axe":1,"minecraft:iron_pickaxe":2,"minecraft:iron_helmet":1},"minecraft:dropped":{"minecraft:iron_ingot":9,"minecraft:iron_sword":1,"minecraft:wheat_seeds":43,"minecraft:diamond_axe":1,"minecraft:mossy_cobblestone":2,"minecraft:golden_axe":1,"minecraft:iron_helmet":3,"minecraft:cobblestone":143,"botania:gray_mystical_flower":1,"minecraft:granite":20,"minecraft:coal":1,"minecraft:dirt":9,"minecraft:diorite":6,"minecraft:dark_oak_trapdoor":1,"minecraft:cut_sandstone":3,"minecraft:potion":1,"minecraft:iron_leggings":2,"minecraft:cactus":1,"minecraft:string":4,"ars_nouveau:caster_tome":1,"minecraft:gravel":24,"minecraft:kelp":2,"minecraft:wheat":6,"minecraft:rotten_flesh":3,"minecraft:oak_planks":5,"minecraft:iron_boots":3,"sophisticatedbackpacks:backpack":1,"minecraft:cobblestone_slab":1,"minecraft:hay_block":34,"minecraft:shield":2,"minecraft:flower_pot":1,"minecraft:iron_chestplate":2,"minecraft:andesite":8,"minecraft:oak_sapling":1,"minecraft:stone_pressure_plate":1,"minecraft:spider_eye":7,"minecraft:sandstone":1,"minecraft:arrow":1,"minecraft:stone_pickaxe":1,"minecraft:wooden_pickaxe":1},"minecraft:picked_up":{"ars_nouveau:caster_tome":1,"minecraft:iron_chestplate":2,"minecraft:crafting_table":5,"minecraft:wheat":6,"minecraft:flower_pot":1,"botania:blue_mushroom":1,"alexsmobs:roadrunner_feather":1,"ars_nouveau:blue_archwood_sapling":1,"minecraft:potion":2,"minecraft:brewing_stand":1,"minecraft:shield":4,"ars_nouveau:amplify_arrow":27,"minecraft:string":6,"minecraft:dark_oak_trapdoor":1,"minecraft:iron_leggings":1,"ars_nouveau:mana_gem":4,"botania:magenta_mystical_flower":1,"minecraft:beef":3,"minecraft:oak_boat":1,"minecraft:cobblestone_slab":1,"minecraft:player_head":3,"minecraft:light_gray_wool":1,"minecraft:sugar_cane":8,"minecraft:iron_boots":3,"minecraft:furnace":1,"minecraft:egg":1,"ars_nouveau:purple_archwood_log":8,"minecraft:stick":6,"minecraft:sandstone":9,"minecraft:spruce_stairs":2,"minecraft:spruce_fence":2,"minecraft:oak_fence":1,"minecraft:acacia_log":5,"minecraft:torch":83,"minecraft:green_bed":3,"sophisticatedbackpacks:backpack":1,"minecraft:note_block":4,"ars_nouveau:purple_archwood_sapling":1,"botania:pink_mushroom":1,"minecraft:diorite":20,"minecraft:redstone":16,"minecraft:stone_pressure_plate":2,"minecraft:dark_oak_planks":24,"minecraft:tnt":20,"minecraft:diamond_chestplate":1,"minecraft:cactus":1,"minecraft:arrow":17,"minecraft:rotten_flesh":16,"minecraft:diamond_boots":1,"ars_nouveau:worn_notebook":1,"minecraft:hay_block":107,"minecraft:yellow_terracotta":1,"alexsmobs:emu_egg":1,"minecraft:gold_ingot":3,"minecraft:white_terracotta":1,"minecraft:obsidian":15,"minecraft:brick_stairs":1,"minecraft:mutton":4,"minecraft:white_wool":12,"minecraft:cobblestone":1276,"minecraft:enchanting_table":1,"botania:cyan_mushroom":1,"minecraft:lime_bed":4,"minecraft:air":0,"minecraft:andesite":51,"minecraft:leather":2,"minecraft:cut_sandstone":9,"minecraft:potato":1,"minecraft:birch_planks":1,"minecraft:flint":4,"minecraft:oak_log":52,"botania:red_mushroom":2,"minecraft:cobblestone_stairs":1,"minecraft:dirt":34,"minecraft:white_banner":1,"botania:black_mystical_flower":1,"botania:light_blue_mystical_flower":2,"minecraft:orange_terracotta":2,"minecraft:bone":18,"minecraft:apple":1,"minecraft:kelp":2,"minecraft:wheat_seeds":44,"alexsmobs:cockroach_wing_fragment":1,"minecraft:iron_ingot":33,"minecraft:iron_ore":46,"minecraft:diamond_helmet":1,"minecraft:iron_sword":2,"minecraft:oak_planks":66,"botania:gray_mystical_flower":1,"minecraft:dark_oak_stairs":1,"minecraft:book":145,"minecraft:gravel":26,"sophisticatedbackpacks:iron_backpack":2,"minecraft:spider_eye":7,"minecraft:mossy_cobblestone":2,"minecraft:iron_hoe":1,"ars_nouveau:wilden_spike":3,"minecraft:blue_terracotta":1,"minecraft:diamond":39,"minecraft:diamond_axe":2,"minecraft:iron_helmet":3,"minecraft:granite":34,"minecraft:crossbow":2,"minecraft:bread":80,"minecraft:emerald":1,"minecraft:oak_sapling":5,"minecraft:black_wool":1,"minecraft:stripped_dark_oak_log":2,"minecraft:bricks":3,"minecraft:coal":39,"minecraft:diamond_pickaxe":1},"minecraft:used":{"minecraft:oak_fence":1,"sophisticatedbackpacks:iron_backpack":1,"minecraft:enchanting_table":2,"minecraft:flint_and_steel":1,"minecraft:chest":4,"minecraft:shield":84,"minecraft:torch":36,"minecraft:dirt":6,"minecraft:golden_shovel":25,"minecraft:granite":8,"minecraft:iron_hoe":12,"minecraft:bookshelf":21,"minecraft:iron_axe":174,"minecraft:oak_sapling":3,"minecraft:furnace":1,"minecraft:egg":1,"minecraft:acacia_planks":14,"minecraft:orange_terracotta":1,"minecraft:golden_axe":14,"minecraft:water_bucket":9,"minecraft:cobblestone_stairs":1,"ars_nouveau:blue_archwood_sapling":1,"minecraft:stone_pickaxe":97,"minecraft:oak_planks":66,"minecraft:wooden_pickaxe":8,"minecraft:diamond_axe":380,"minecraft:green_bed":3,"minecraft:white_wool":3,"minecraft:stripped_dark_oak_log":2,"minecraft:tnt":4,"minecraft:lime_bed":4,"minecraft:crafting_table":9,"ars_nouveau:purple_archwood_sapling":1,"minecraft:diamond_pickaxe":973,"minecraft:bread":88,"minecraft:iron_pickaxe":510,"minecraft:cobblestone":265,"minecraft:bucket":10,"minecraft:andesite":21,"minecraft:oak_boat":2,"alexsmobs:animal_dictionary":4},"minecraft:crafted":{"minecraft:oak_planks":208,"minecraft:furnace":1,"minecraft:bookshelf":21,"minecraft:iron_boots":1,"minecraft:iron_axe":1,"minecraft:stone_pickaxe":1,"minecraft:chest":4,"minecraft:wheat":81,"minecraft:diamond_axe":1,"minecraft:crafting_table":4,"minecraft:enchanting_table":1,"minecraft:iron_helmet":1,"minecraft:wooden_pickaxe":1,"sophisticatedbackpacks:gold_backpack":1,"minecraft:bucket":1,"minecraft:bread":40,"minecraft:air":0,"minecraft:oak_boat":1,"minecraft:iron_chestplate":1,"minecraft:diamond_pickaxe":1,"minecraft:shield":3,"minecraft:stick":16,"minecraft:iron_ingot":40,"minecraft:iron_pickaxe":2,"minecraft:iron_leggings":1,"minecraft:acacia_planks":20,"minecraft:torch":8}},"DataVersion":2586}