{"stats":{"minecraft:picked_up":{"minecraft:oak_log":6,"ars_nouveau:worn_notebook":1},"minecraft:mined":{"minecraft:oak_log":6,"minecraft:oak_leaves":1},"minecraft:crafted":{"minecraft:oak_planks":24},"minecraft:custom":{"minecraft:jump":81,"minecraft:time_since_rest":7208,"minecraft:damage_dealt":20,"minecraft:damage_taken":215,"minecraft:leave_game":3,"minecraft:play_one_minute":7208,"minecraft:crouch_one_cm":30,"minecraft:time_since_death":7208,"minecraft:sprint_one_cm":14606,"minecraft:walk_on_water_one_cm":124,"minecraft:walk_one_cm":8157,"minecraft:sneak_time":9,"minecraft:fly_one_cm":20021,"minecraft:fall_one_cm":2357}},"DataVersion":2586}