{"stats":{"minecraft:mined":{"minecraft:oak_log":6,"minecraft:oak_leaves":1},"minecraft:custom":{"minecraft:jump":75,"minecraft:time_since_rest":6616,"minecraft:leave_game":1,"minecraft:crouch_one_cm":30,"minecraft:damage_dealt":20,"minecraft:play_one_minute":6616,"minecraft:damage_taken":35,"minecraft:sprint_one_cm":13350,"minecraft:walk_on_water_one_cm":124,"minecraft:time_since_death":6616,"minecraft:walk_one_cm":7195,"minecraft:sneak_time":9,"minecraft:fall_one_cm":2148,"minecraft:fly_one_cm":17818},"minecraft:picked_up":{"minecraft:oak_log":6,"ars_nouveau:worn_notebook":1},"minecraft:crafted":{"minecraft:oak_planks":24}},"DataVersion":2586}