{
  "cfm:recipes/cfm/spruce_kitchen_drawer": {
    "criteria": {
      "has_chest": "2024-06-08 23:51:52 -0600"
    },
    "done": true
  },
  "minecraft:recipes/tools/fishing_rod": {
    "criteria": {
      "has_string": "2024-06-08 23:35:47 -0600"
    },
    "done": true
  },
  "minecraft:recipes/decorations/smoker": {
    "criteria": {
      "has_furnace": "2024-06-09 01:19:48 -0600"
    },
    "done": true
  },
  "minecraft:recipes/food/cooked_mutton_from_campfire_cooking": {
    "criteria": {
      "has_mutton": "2024-06-08 23:43:29 -0600"
    },
    "done": true
  },
  "minecraft:recipes/redstone/lever": {
    "criteria": {
      "has_cobblestone": "2024-06-08 23:31:00 -0600"
    },
    "done": true
  },
  "farmersdelight:recipes/farmersdelight/organic_compost_from_rotten_flesh": {
    "criteria": {
      "has_rotten_flesh": "2024-06-08 23:51:28 -0600"
    },
    "done": true
  },
  "minecraft:recipes/redstone/acacia_button": {
    "criteria": {
      "has_planks": "2024-06-09 00:07:05 -0600"
    },
    "done": true
  },
  "cfm:recipes/cfm/yellow_cooler": {
    "criteria": {
      "has_chest": "2024-06-08 23:51:53 -0600"
    },
    "done": true
  },
  "minecraft:recipes/combat/iron_sword": {
    "criteria": {
      "has_iron_ingot": "2024-06-08 23:30:41 -0600"
    },
    "done": true
  },
  "minecraft:recipes/misc/light_blue_dye_from_blue_orchid": {
    "criteria": {
      "has_red_flower": "2024-06-09 00:26:00 -0600"
    },
    "done": true
  },
  "minecraft:recipes/building_blocks/stone_bricks": {
    "criteria": {
      "has_stone": "2024-06-09 01:31:34 -0600"
    },
    "done": true
  },
  "minecraft:recipes/redstone/spruce_door": {
    "criteria": {
      "has_planks": "2024-06-09 00:12:42 -0600"
    },
    "done": true
  },
  "minecraft:recipes/building_blocks/lime_concrete_powder": {
    "criteria": {
      "has_sand": "2024-06-08 23:50:11 -0600"
    },
    "done": true
  },
  "minecraft:recipes/tools/iron_pickaxe": {
    "criteria": {
      "has_iron_ingot": "2024-06-08 23:30:41 -0600"
    },
    "done": true
  },
  "minecraft:recipes/building_blocks/yellow_concrete_powder": {
    "criteria": {
      "has_sand": "2024-06-08 23:50:11 -0600"
    },
    "done": true
  },
  "minecraft:recipes/redstone/spruce_fence_gate": {
    "criteria": {
      "has_planks": "2024-06-09 00:12:42 -0600"
    },
    "done": true
  },
  "cfm:recipes/cfm/spruce_bedside_cabinet": {
    "criteria": {
      "has_planks": "2024-06-09 00:12:42 -0600"
    },
    "done": true
  },
  "minecraft:recipes/decorations/crafting_table": {
    "criteria": {
      "has_planks": "2024-06-08 23:30:53 -0600"
    },
    "done": true
  },
  "minecraft:recipes/building_blocks/magenta_wool": {
    "criteria": {
      "has_white_wool": "2024-06-09 00:06:03 -0600"
    },
    "done": true
  },
  "cfm:recipes/cfm/yellow_picket_fence": {
    "criteria": {
      "has_concrete": "2024-06-09 00:24:29 -0600"
    },
    "done": true
  },
  "cfm:recipes/cfm/light_gray_kitchen_counter": {
    "criteria": {
      "has_stone": "2024-06-09 00:14:35 -0600"
    },
    "done": true
  },
  "sophisticatedbackpacks:recipes/sophisticatedbackpacks/gold_backpack": {
    "criteria": {
      "has_the_recipe": "2024-06-09 00:27:45 -0600"
    },
    "done": true
  },
  "minecraft:recipes/decorations/ladder": {
    "criteria": {
      "has_stick": "2024-06-08 23:27:21 -0600"
    },
    "done": true
  },
  "farmersdelight:recipes/farmersdelight/pie_crust": {
    "criteria": {
      "has_wheat": "2024-06-08 23:38:19 -0600"
    },
    "done": true
  },
  "minecraft:recipes/decorations/chest": {
    "criteria": {
      "has_lots_of_items": "2024-06-08 23:30:53 -0600"
    },
    "done": true
  },
  "minecraft:story/shiny_gear": {
    "criteria": {
      "diamond_helmet": "2024-06-09 00:12:16 -0600"
    },
    "done": true
  },
  "minecraft:recipes/combat/golden_sword": {
    "criteria": {
      "has_gold_ingot": "2024-06-08 23:51:52 -0600"
    },
    "done": true
  },
  "minecraft:recipes/building_blocks/chiseled_stone_bricks_stone_from_stonecutting": {
    "criteria": {
      "has_stone": "2024-06-09 01:31:34 -0600"
    },
    "done": true
  },
  "cfm:recipes/cfm/green_kitchen_counter": {
    "criteria": {
      "has_stone": "2024-06-09 00:14:35 -0600"
    },
    "done": true
  },
  "minecraft:recipes/redstone/spruce_button": {
    "criteria": {
      "has_planks": "2024-06-09 00:12:42 -0600"
    },
    "done": true
  },
  "minecraft:recipes/building_blocks/red_sandstone": {
    "criteria": {
      "has_sand": "2024-06-09 00:07:08 -0600"
    },
    "done": true
  },
  "cfm:recipes/cfm/diorite_table": {
    "criteria": {
      "has_planks": "2024-06-09 01:30:19 -0600"
    },
    "done": true
  },
  "minecraft:recipes/tools/wooden_shovel": {
    "criteria": {
      "has_stick": "2024-06-08 23:27:21 -0600"
    },
    "done": true
  },
  "minecraft:recipes/decorations/torch": {
    "criteria": {
      "has_the_recipe": "2024-06-09 00:54:30 -0600"
    },
    "done": true
  },
  "minecraft:recipes/tools/shears": {
    "criteria": {
      "has_iron_ingot": "2024-06-08 23:30:41 -0600"
    },
    "done": true
  },
  "minecraft:recipes/misc/stick": {
    "criteria": {
      "has_planks": "2024-06-08 23:30:53 -0600"
    },
    "done": true
  },
  "cfm:recipes/cfm/acacia_cabinet": {
    "criteria": {
      "has_planks": "2024-06-09 00:07:05 -0600"
    },
    "done": true
  },
  "minecraft:recipes/building_blocks/stone_brick_slab_from_stone_stonecutting": {
    "criteria": {
      "has_stone": "2024-06-09 01:31:34 -0600"
    },
    "done": true
  },
  "minecraft:recipes/building_blocks/mossy_cobblestone_slab_from_mossy_cobblestone_stonecutting": {
    "criteria": {
      "has_mossy_cobblestone": "2024-06-08 23:34:07 -0600"
    },
    "done": true
  },
  "minecraft:recipes/misc/iron_ingot_from_blasting": {
    "criteria": {
      "has_iron_ore": "2024-06-09 00:02:20 -0600"
    },
    "done": true
  },
  "sophisticatedbackpacks:recipes/sophisticatedbackpacks/advanced_magnet_upgrade_from_basic": {
    "criteria": {
      "has_magnet_upgrade": "2024-06-08 23:51:06 -0600"
    },
    "done": true
  },
  "botania:recipes/botania/orange_shiny_flower": {
    "criteria": {
      "has_item": "2024-06-09 01:18:14 -0600"
    },
    "done": true
  },
  "cfm:recipes/cfm/brown_grill": {
    "criteria": {
      "has_iron": "2024-06-08 23:30:41 -0600"
    },
    "done": true
  },
  "cfm:recipes/cfm/green_grill": {
    "criteria": {
      "has_iron": "2024-06-08 23:30:41 -0600"
    },
    "done": true
  },
  "cfm:recipes/cfm/purple_kitchen_counter": {
    "criteria": {
      "has_stone": "2024-06-09 00:14:35 -0600"
    },
    "done": true
  },
  "minecraft:recipes/redstone/dispenser": {
    "criteria": {
      "has_bow": "2024-06-09 00:25:30 -0600"
    },
    "done": true
  },
  "minecraft:recipes/building_blocks/lime_terracotta": {
    "criteria": {
      "has_terracotta": "2024-06-09 00:14:35 -0600"
    },
    "done": true
  },
  "cfm:recipes/cfm/diorite_chair": {
    "criteria": {
      "has_planks": "2024-06-09 01:30:19 -0600"
    },
    "done": true
  },
  "cfm:recipes/cfm/pink_kitchen_drawer": {
    "criteria": {
      "has_chest": "2024-06-08 23:51:52 -0600"
    },
    "done": true
  },
  "cfm:recipes/cfm/lime_kitchen_drawer": {
    "criteria": {
      "has_chest": "2024-06-08 23:51:53 -0600"
    },
    "done": true
  },
  "cfm:recipes/cfm/dark_oak_kitchen_drawer": {
    "criteria": {
      "has_chest": "2024-06-08 23:51:53 -0600"
    },
    "done": true
  },
  "minecraft:recipes/building_blocks/emerald_block": {
    "criteria": {
      "has_emerald": "2024-06-08 23:52:04 -0600"
    },
    "done": true
  },
  "cfm:recipes/cfm/acacia_kitchen_counter": {
    "criteria": {
      "has_planks": "2024-06-09 00:07:05 -0600"
    },
    "done": true
  },
  "cfm:recipes/cfm/red_cooler": {
    "criteria": {
      "has_chest": "2024-06-08 23:51:53 -0600"
    },
    "done": true
  },
  "minecraft:recipes/combat/iron_leggings": {
    "criteria": {
      "has_iron_ingot": "2024-06-08 23:30:41 -0600"
    },
    "done": true
  },
  "minecraft:recipes/building_blocks/sandstone_stairs": {
    "criteria": {
      "has_sandstone": "2024-06-08 23:50:09 -0600"
    },
    "done": true
  },
  "minecraft:recipes/building_blocks/light_gray_terracotta": {
    "criteria": {
      "has_terracotta": "2024-06-09 00:14:35 -0600"
    },
    "done": true
  },
  "minecraft:recipes/brewing/golden_carrot": {
    "criteria": {
      "has_gold_nugget": "2024-06-09 00:26:00 -0600"
    },
    "done": true
  },
  "minecraft:recipes/combat/shield": {
    "criteria": {
      "has_iron_ingot": "2024-06-08 23:30:41 -0600"
    },
    "done": true
  },
  "cfm:recipes/cfm/gray_kitchen_drawer": {
    "criteria": {
      "has_chest": "2024-06-08 23:51:53 -0600"
    },
    "done": true
  },
  "minecraft:recipes/building_blocks/cobblestone_slab": {
    "criteria": {
      "has_cobblestone": "2024-06-08 23:31:00 -0600"
    },
    "done": true
  },
  "dungeons_arise:find_small_prairie_house": {
    "criteria": {
      "location0": "2024-06-08 23:42:17 -0600"
    },
    "done": true
  },
  "cfm:recipes/cfm/cyan_kitchen_counter": {
    "criteria": {
      "has_stone": "2024-06-09 00:14:35 -0600"
    },
    "done": true
  },
  "cfm:recipes/cfm/spruce_cabinet": {
    "criteria": {
      "has_planks": "2024-06-09 00:12:42 -0600"
    },
    "done": true
  },
  "cfm:recipes/cfm/black_kitchen_counter": {
    "criteria": {
      "has_stone": "2024-06-09 00:14:35 -0600"
    },
    "done": true
  },
  "cfm:recipes/cfm/oak_bedside_cabinet": {
    "criteria": {
      "has_log": "2024-06-08 23:26:12 -0600"
    },
    "done": true
  },
  "minecraft:recipes/redstone/hopper": {
    "criteria": {
      "has_iron_ingot": "2024-06-08 23:30:41 -0600"
    },
    "done": true
  },
  "minecraft:recipes/building_blocks/pink_terracotta": {
    "criteria": {
      "has_terracotta": "2024-06-09 00:14:35 -0600"
    },
    "done": true
  },
  "botania:recipes/botania/pestle_and_mortar": {
    "criteria": {
      "has_item": "2024-06-08 23:30:53 -0600"
    },
    "done": true
  },
  "minecraft:recipes/building_blocks/mossy_cobblestone_stairs_from_mossy_cobblestone_stonecutting": {
    "criteria": {
      "has_mossy_cobblestone": "2024-06-08 23:34:07 -0600"
    },
    "done": true
  },
  "cfm:recipes/cfm/orange_grill": {
    "criteria": {
      "has_iron": "2024-06-08 23:30:41 -0600"
    },
    "done": true
  },
  "cfm:recipes/cfm/andesite_cabinet": {
    "criteria": {
      "has_planks": "2024-06-09 00:01:31 -0600"
    },
    "done": true
  },
  "cfm:recipes/cfm/stripped_spruce_desk": {
    "criteria": {
      "has_planks": "2024-06-09 01:05:19 -0600"
    },
    "done": true
  },
  "cfm:recipes/cfm/diving_board": {
    "criteria": {
      "has_wheat": "2024-06-08 23:38:19 -0600"
    },
    "done": true
  },
  "minecraft:recipes/building_blocks/light_gray_concrete_powder": {
    "criteria": {
      "has_sand": "2024-06-08 23:50:11 -0600"
    },
    "done": true
  },
  "minecraft:recipes/building_blocks/magenta_terracotta": {
    "criteria": {
      "has_terracotta": "2024-06-09 00:14:35 -0600"
    },
    "done": true
  },
  "biomesoplenty:recipes/transportation/cherry_boat": {
    "criteria": {
      "in_water": "2024-06-08 23:41:55 -0600"
    },
    "done": true
  },
  "biomesoplenty:recipes/transportation/fir_boat": {
    "criteria": {
      "in_water": "2024-06-08 23:41:55 -0600"
    },
    "done": true
  },
  "cfm:recipes/cfm/blue_grill": {
    "criteria": {
      "has_iron": "2024-06-08 23:30:41 -0600"
    },
    "done": true
  },
  "cfm:recipes/cfm/acacia_crate": {
    "criteria": {
      "has_planks": "2024-06-09 00:07:05 -0600"
    },
    "done": true
  },
  "cfm:recipes/cfm/jungle_kitchen_sink_light": {
    "criteria": {
      "has_bottom": "2024-06-09 00:10:29 -0600"
    },
    "done": true
  },
  "minecraft:recipes/building_blocks/pink_concrete_powder": {
    "criteria": {
      "has_sand": "2024-06-08 23:50:11 -0600"
    },
    "done": true
  },
  "minecraft:recipes/food/cooked_mutton_from_grill_cooking": {
    "criteria": {
      "has_mutton": "2024-06-08 23:43:29 -0600"
    },
    "done": true
  },
  "minecraft:recipes/building_blocks/sandstone_slab": {
    "criteria": {
      "has_sandstone": "2024-06-08 23:50:09 -0600"
    },
    "done": true
  },
  "sophisticatedbackpacks:recipes/sophisticatedbackpacks/blasting_upgrade": {
    "criteria": {
      "has_upgrade_base": "2024-06-08 23:25:48 -0600"
    },
    "done": true
  },
  "minecraft:recipes/redstone/lectern": {
    "criteria": {
      "has_book": "2024-06-09 00:07:08 -0600"
    },
    "done": true
  },
  "sophisticatedbackpacks:recipes/sophisticatedbackpacks/auto_smoking_upgrade": {
    "criteria": {
      "has_smoking_upgrade": "2024-06-08 23:25:48 -0600"
    },
    "done": true
  },
  "minecraft:recipes/building_blocks/stone_stairs_from_stone_stonecutting": {
    "criteria": {
      "has_stone": "2024-06-09 01:31:34 -0600"
    },
    "done": true
  },
  "minecraft:recipes/decorations/acacia_fence": {
    "criteria": {
      "has_planks": "2024-06-09 00:07:05 -0600"
    },
    "done": true
  },
  "cfm:recipes/cfm/spruce_kitchen_sink_dark": {
    "criteria": {
      "has_bottom": "2024-06-09 00:12:42 -0600"
    },
    "done": true
  },
  "cfm:recipes/cfm/purple_grill": {
    "criteria": {
      "has_iron": "2024-06-08 23:30:41 -0600"
    },
    "done": true
  },
  "minecraft:recipes/building_blocks/andesite_stairs_from_andesite_stonecutting": {
    "criteria": {
      "has_andesite": "2024-06-09 00:01:31 -0600"
    },
    "done": true
  },
  "minecraft:recipes/decorations/iron_bars": {
    "criteria": {
      "has_iron_ingot": "2024-06-08 23:30:41 -0600"
    },
    "done": true
  },
  "cfm:recipes/cfm/brown_cooler": {
    "criteria": {
      "has_chest": "2024-06-08 23:51:53 -0600"
    },
    "done": true
  },
  "botania:challenge/root": {
    "criteria": {
      "flower": "2024-06-08 23:40:27 -0600"
    },
    "done": true
  },
  "minecraft:recipes/building_blocks/blue_wool": {
    "criteria": {
      "has_white_wool": "2024-06-09 00:06:03 -0600"
    },
    "done": true
  },
  "minecraft:recipes/building_blocks/gold_block": {
    "criteria": {
      "has_gold_ingot": "2024-06-08 23:51:52 -0600"
    },
    "done": true
  },
  "minecraft:story/obtain_armor": {
    "criteria": {
      "iron_helmet": "2024-06-08 23:30:12 -0600"
    },
    "done": true
  },
  "cfm:recipes/cfm/jungle_cabinet": {
    "criteria": {
      "has_planks": "2024-06-09 00:10:29 -0600"
    },
    "done": true
  },
  "cfm:recipes/cfm/stripped_spruce_bedside_cabinet": {
    "criteria": {
      "has_planks": "2024-06-09 01:05:19 -0600"
    },
    "done": true
  },
  "cfm:recipes/cfm/magenta_kitchen_drawer": {
    "criteria": {
      "has_chest": "2024-06-08 23:51:53 -0600"
    },
    "done": true
  },
  "cfm:recipes/cfm/brown_kitchen_drawer": {
    "criteria": {
      "has_chest": "2024-06-08 23:51:53 -0600"
    },
    "done": true
  },
  "minecraft:recipes/brewing/cauldron": {
    "criteria": {
      "has_water_bucket": "2024-06-09 00:07:08 -0600"
    },
    "done": true
  },
  "minecraft:recipes/combat/diamond_leggings": {
    "criteria": {
      "has_diamond": "2024-06-09 00:00:41 -0600"
    },
    "done": true
  },
  "minecraft:recipes/building_blocks/sandstone": {
    "criteria": {
      "has_sand": "2024-06-08 23:50:11 -0600"
    },
    "done": true
  },
  "minecraft:recipes/building_blocks/spruce_planks": {
    "criteria": {
      "has_logs": "2024-06-09 01:05:19 -0600"
    },
    "done": true
  },
  "minecraft:recipes/building_blocks/cobblestone_slab_from_cobblestone_stonecutting": {
    "criteria": {
      "has_cobblestone": "2024-06-08 23:31:00 -0600"
    },
    "done": true
  },
  "sophisticatedbackpacks:recipes/sophisticatedbackpacks/smoking_upgrade_from_smelting_upgrade": {
    "criteria": {
      "has_smelting_upgrade": "2024-06-08 23:25:48 -0600"
    },
    "done": true
  },
  "botania:recipes/botania/black_shiny_flower": {
    "criteria": {
      "has_item": "2024-06-08 23:40:27 -0600"
    },
    "done": true
  },
  "minecraft:recipes/building_blocks/oak_stairs": {
    "criteria": {
      "has_planks": "2024-06-08 23:30:53 -0600"
    },
    "done": true
  },
  "minecraft:recipes/building_blocks/polished_andesite_slab_from_andesite_stonecutting": {
    "criteria": {
      "has_andesite": "2024-06-09 00:01:31 -0600"
    },
    "done": true
  },
  "cfm:recipes/cfm/oak_kitchen_drawer": {
    "criteria": {
      "has_log": "2024-06-08 23:26:13 -0600"
    },
    "done": true
  },
  "minecraft:recipes/decorations/red_carpet": {
    "criteria": {
      "has_red_wool": "2024-06-09 00:21:04 -0600"
    },
    "done": true
  },
  "cfm:recipes/cfm/red_picket_gate": {
    "criteria": {
      "has_concrete": "2024-06-09 00:20:57 -0600"
    },
    "done": true
  },
  "cfm:recipes/cfm/stripped_oak_coffee_table": {
    "criteria": {
      "has_planks": "2024-06-08 23:26:13 -0600"
    },
    "done": true
  },
  "cfm:recipes/cfm/stripped_oak_cabinet": {
    "criteria": {
      "has_log": "2024-06-08 23:26:13 -0600"
    },
    "done": true
  },
  "minecraft:recipes/transportation/acacia_boat": {
    "criteria": {
      "in_water": "2024-06-08 23:41:55 -0600"
    },
    "done": true
  },
  "minecraft:recipes/redstone/iron_trapdoor": {
    "criteria": {
      "has_iron_ingot": "2024-06-08 23:30:41 -0600"
    },
    "done": true
  },
  "farmersdelight:recipes/farmersdelight/cutting_board": {
    "criteria": {
      "has_stick": "2024-06-08 23:27:21 -0600"
    },
    "done": true
  },
  "cfm:recipes/cfm/blue_kitchen_counter": {
    "criteria": {
      "has_stone": "2024-06-09 00:14:35 -0600"
    },
    "done": true
  },
  "minecraft:recipes/building_blocks/ice_from_freezing": {
    "criteria": {
      "has_water": "2024-06-09 00:07:08 -0600"
    },
    "done": true
  },
  "sophisticatedbackpacks:recipes/sophisticatedbackpacks/auto_blasting_upgrade_from_auto_smelting_upgrade": {
    "criteria": {
      "has_auto_smelting_upgrade": "2024-06-08 23:25:48 -0600"
    },
    "done": true
  },
  "minecraft:adventure/root": {
    "criteria": {
      "killed_something": "2024-06-08 23:36:48 -0600"
    },
    "done": true
  },
  "cfm:recipes/cfm/stripped_spruce_cabinet": {
    "criteria": {
      "has_log": "2024-06-09 01:05:19 -0600"
    },
    "done": true
  },
  "dungeons_arise:find_bandit_towers": {
    "criteria": {
      "location0": "2024-06-09 00:05:57 -0600"
    },
    "done": true
  },
  "minecraft:recipes/building_blocks/white_concrete_powder": {
    "criteria": {
      "has_sand": "2024-06-08 23:50:11 -0600"
    },
    "done": true
  },
  "minecraft:recipes/decorations/jungle_fence": {
    "criteria": {
      "has_planks": "2024-06-09 00:10:29 -0600"
    },
    "done": true
  },
  "minecraft:recipes/building_blocks/stone_brick_stairs_from_stone_stonecutting": {
    "criteria": {
      "has_stone": "2024-06-09 01:31:34 -0600"
    },
    "done": true
  },
  "minecraft:recipes/building_blocks/white_wool_from_string": {
    "criteria": {
      "has_string": "2024-06-08 23:35:47 -0600"
    },
    "done": true
  },
  "minecraft:recipes/tools/diamond_pickaxe": {
    "criteria": {
      "has_diamond": "2024-06-09 00:00:41 -0600"
    },
    "done": true
  },
  "cfm:recipes/cfm/stripped_oak_desk_cabinet": {
    "criteria": {
      "has_planks": "2024-06-08 23:26:13 -0600"
    },
    "done": true
  },
  "cfm:recipes/cfm/acacia_kitchen_sink_dark": {
    "criteria": {
      "has_bottom": "2024-06-09 00:07:05 -0600"
    },
    "done": true
  },
  "minecraft:adventure/kill_all_mobs": {
    "criteria": {
      "minecraft:skeleton": "2024-06-08 23:36:48 -0600",
      "minecraft:zombie": "2024-06-09 00:46:13 -0600"
    },
    "done": false
  },
  "farmersdelight:recipes/farmersdelight/cooking_pot": {
    "criteria": {
      "has_iron_ingot": "2024-06-08 23:30:41 -0600"
    },
    "done": true
  },
  "minecraft:recipes/food/cooked_beef_from_smoking": {
    "criteria": {
      "has_beef": "2024-06-09 00:07:07 -0600"
    },
    "done": true
  },
  "minecraft:recipes/decorations/fletching_table": {
    "criteria": {
      "has_flint": "2024-06-08 23:50:36 -0600"
    },
    "done": true
  },
  "minecraft:recipes/misc/iron_nugget_from_smelting": {
    "criteria": {
      "has_iron_helmet": "2024-06-08 23:30:12 -0600"
    },
    "done": true
  },
  "minecraft:recipes/food/cooked_mutton_from_smoking": {
    "criteria": {
      "has_mutton": "2024-06-08 23:43:29 -0600"
    },
    "done": true
  },
  "cfm:recipes/cfm/pink_grill": {
    "criteria": {
      "has_iron": "2024-06-08 23:30:41 -0600"
    },
    "done": true
  },
  "minecraft:recipes/decorations/granite_wall_from_granite_stonecutting": {
    "criteria": {
      "has_granite": "2024-06-09 00:00:56 -0600"
    },
    "done": true
  },
  "minecraft:recipes/decorations/chain": {
    "criteria": {
      "has_iron_ingot": "2024-06-08 23:30:41 -0600"
    },
    "done": true
  },
  "cfm:recipes/cfm/spruce_park_bench": {
    "criteria": {
      "has_planks": "2024-06-09 00:12:42 -0600"
    },
    "done": true
  },
  "minecraft:recipes/building_blocks/cyan_terracotta": {
    "criteria": {
      "has_terracotta": "2024-06-09 00:14:35 -0600"
    },
    "done": true
  },
  "cfm:recipes/cfm/magenta_grill": {
    "criteria": {
      "has_iron": "2024-06-08 23:30:41 -0600"
    },
    "done": true
  },
  "minecraft:recipes/decorations/oak_fence": {
    "criteria": {
      "has_planks": "2024-06-08 23:30:53 -0600"
    },
    "done": true
  },
  "dungeons_arise:find_giant_mushroom": {
    "criteria": {
      "location0": "2024-06-08 23:29:52 -0600"
    },
    "done": true
  },
  "cfm:recipes/cfm/spruce_table": {
    "criteria": {
      "has_planks": "2024-06-09 00:12:42 -0600"
    },
    "done": true
  },
  "minecraft:recipes/misc/gold_ingot_from_gold_block": {
    "criteria": {
      "has_gold_block": "2024-06-08 23:44:08 -0600"
    },
    "done": true
  },
  "minecraft:recipes/building_blocks/orange_concrete_powder": {
    "criteria": {
      "has_sand": "2024-06-08 23:50:11 -0600"
    },
    "done": true
  },
  "minecraft:recipes/building_blocks/oak_slab": {
    "criteria": {
      "has_planks": "2024-06-08 23:30:53 -0600"
    },
    "done": true
  },
  "cfm:recipes/cfm/spruce_chair": {
    "criteria": {
      "has_planks": "2024-06-09 00:12:42 -0600"
    },
    "done": true
  },
  "cfm:recipes/cfm/granite_desk_cabinet": {
    "criteria": {
      "has_planks": "2024-06-09 00:00:56 -0600"
    },
    "done": true
  },
  "minecraft:husbandry/tame_an_animal": {
    "criteria": {
      "tamed_animal": "2024-06-09 00:39:16 -0600"
    },
    "done": true
  },
  "cfm:recipes/cfm/stripped_oak_park_bench": {
    "criteria": {
      "has_log": "2024-06-08 23:26:13 -0600"
    },
    "done": true
  },
  "minecraft:recipes/building_blocks/granite_stairs": {
    "criteria": {
      "has_granite": "2024-06-09 00:00:56 -0600"
    },
    "done": true
  },
  "cfm:recipes/cfm/granite_cabinet": {
    "criteria": {
      "has_planks": "2024-06-09 00:00:56 -0600"
    },
    "done": true
  },
  "minecraft:recipes/redstone/jungle_pressure_plate": {
    "criteria": {
      "has_planks": "2024-06-09 00:10:29 -0600"
    },
    "done": true
  },
  "minecraft:recipes/building_blocks/black_wool": {
    "criteria": {
      "has_white_wool": "2024-06-09 00:06:03 -0600"
    },
    "done": true
  },
  "minecraft:recipes/combat/golden_chestplate": {
    "criteria": {
      "has_gold_ingot": "2024-06-08 23:51:52 -0600"
    },
    "done": true
  },
  "biomesoplenty:recipes/transportation/umbran_boat": {
    "criteria": {
      "in_water": "2024-06-08 23:41:55 -0600"
    },
    "done": true
  },
  "sophisticatedbackpacks:recipes/sophisticatedbackpacks/iron_backpack": {
    "criteria": {
      "has_backpack": "2024-06-08 23:51:11 -0600"
    },
    "done": true
  },
  "minecraft:recipes/redstone/acacia_pressure_plate": {
    "criteria": {
      "has_planks": "2024-06-09 00:07:05 -0600"
    },
    "done": true
  },
  "cfm:recipes/cfm/crimson_kitchen_drawer": {
    "criteria": {
      "has_chest": "2024-06-08 23:51:53 -0600"
    },
    "done": true
  },
  "minecraft:recipes/building_blocks/diorite_stairs_from_diorite_stonecutting": {
    "criteria": {
      "has_diorite": "2024-06-09 01:30:19 -0600"
    },
    "done": true
  },
  "cfm:recipes/cfm/diorite_desk": {
    "criteria": {
      "has_planks": "2024-06-09 01:30:19 -0600"
    },
    "done": true
  },
  "cfm:recipes/cfm/stripped_spruce_kitchen_drawer": {
    "criteria": {
      "has_chest": "2024-06-08 23:51:53 -0600"
    },
    "done": true
  },
  "cfm:recipes/cfm/pink_cooler": {
    "criteria": {
      "has_chest": "2024-06-08 23:51:53 -0600"
    },
    "done": true
  },
  "cfm:recipes/cfm/stripped_oak_crate": {
    "criteria": {
      "has_planks": "2024-06-08 23:26:13 -0600"
    },
    "done": true
  },
  "cfm:recipes/cfm/cyan_kitchen_drawer": {
    "criteria": {
      "has_chest": "2024-06-08 23:51:53 -0600"
    },
    "done": true
  },
  "minecraft:recipes/building_blocks/iron_block": {
    "criteria": {
      "has_iron_ingot": "2024-06-08 23:30:41 -0600"
    },
    "done": true
  },
  "minecraft:recipes/decorations/light_gray_bed": {
    "criteria": {
      "has_light_gray_wool": "2024-06-08 23:43:29 -0600"
    },
    "done": true
  },
  "cfm:recipes/cfm/fridge_dark": {
    "criteria": {
      "has_iron": "2024-06-08 23:30:41 -0600"
    },
    "done": true
  },
  "cfm:recipes/cfm/oak_chair": {
    "criteria": {
      "has_log": "2024-06-08 23:26:13 -0600"
    },
    "done": true
  },
  "cfm:recipes/cfm/blue_cooler": {
    "criteria": {
      "has_chest": "2024-06-08 23:51:53 -0600"
    },
    "done": true
  },
  "minecraft:recipes/building_blocks/spruce_wood": {
    "criteria": {
      "has_log": "2024-06-09 01:05:19 -0600"
    },
    "done": true
  },
  "cfm:recipes/cfm/acacia_kitchen_sink_light": {
    "criteria": {
      "has_bottom": "2024-06-09 00:07:05 -0600"
    },
    "done": true
  },
  "minecraft:story/deflect_arrow": {
    "criteria": {
      "deflected_projectile": "2024-06-08 23:36:50 -0600"
    },
    "done": true
  },
  "minecraft:recipes/building_blocks/light_blue_wool": {
    "criteria": {
      "has_white_wool": "2024-06-09 00:06:03 -0600"
    },
    "done": true
  },
  "cfm:recipes/cfm/blue_kitchen_drawer": {
    "criteria": {
      "has_chest": "2024-06-08 23:51:53 -0600"
    },
    "done": true
  },
  "minecraft:recipes/combat/wooden_sword": {
    "criteria": {
      "has_stick": "2024-06-08 23:27:21 -0600"
    },
    "done": true
  },
  "minecraft:recipes/decorations/yellow_glazed_terracotta": {
    "criteria": {
      "has_yellow_terracotta": "2024-06-09 00:14:34 -0600"
    },
    "done": true
  },
  "minecraft:recipes/building_blocks/oak_planks": {
    "criteria": {
      "has_logs": "2024-06-08 23:26:13 -0600"
    },
    "done": true
  },
  "cfm:recipes/cfm/spruce_coffee_table": {
    "criteria": {
      "has_planks": "2024-06-09 00:12:42 -0600"
    },
    "done": true
  },
  "minecraft:recipes/building_blocks/gray_concrete_powder": {
    "criteria": {
      "has_sand": "2024-06-08 23:50:11 -0600"
    },
    "done": true
  },
  "minecraft:recipes/decorations/light_gray_banner": {
    "criteria": {
      "has_light_gray_wool": "2024-06-08 23:43:29 -0600"
    },
    "done": true
  },
  "cfm:recipes/cfm/granite_coffee_table": {
    "criteria": {
      "has_planks": "2024-06-09 00:00:56 -0600"
    },
    "done": true
  },
  "botania:main/root": {
    "criteria": {
      "flower": "2024-06-08 23:40:27 -0600"
    },
    "done": true
  },
  "cfm:recipes/cfm/red_kitchen_counter": {
    "criteria": {
      "has_stone": "2024-06-09 00:14:35 -0600"
    },
    "done": true
  },
  "cfm:recipes/cfm/stripped_oak_kitchen_counter": {
    "criteria": {
      "has_log": "2024-06-08 23:26:12 -0600"
    },
    "done": true
  },
  "minecraft:recipes/building_blocks/bookshelf": {
    "criteria": {
      "has_book": "2024-06-09 00:07:08 -0600"
    },
    "done": true
  },
  "minecraft:recipes/tools/golden_axe": {
    "criteria": {
      "has_gold_ingot": "2024-06-08 23:51:52 -0600"
    },
    "done": true
  },
  "minecraft:recipes/tools/iron_axe": {
    "criteria": {
      "has_iron_ingot": "2024-06-08 23:30:41 -0600"
    },
    "done": true
  },
  "cfm:recipes/cfm/spruce_mail_box": {
    "criteria": {
      "has_chest": "2024-06-08 23:51:52 -0600"
    },
    "done": true
  },
  "sophisticatedbackpacks:recipes/sophisticatedbackpacks/blasting_upgrade_from_smelting_upgrade": {
    "criteria": {
      "has_smelting_upgrade": "2024-06-08 23:25:48 -0600"
    },
    "done": true
  },
  "cfm:recipes/cfm/purple_kitchen_drawer": {
    "criteria": {
      "has_chest": "2024-06-08 23:51:53 -0600"
    },
    "done": true
  },
  "minecraft:recipes/decorations/red_banner": {
    "criteria": {
      "has_red_wool": "2024-06-09 00:21:04 -0600"
    },
    "done": true
  },
  "minecraft:recipes/redstone/tripwire_hook": {
    "criteria": {
      "has_string": "2024-06-08 23:35:47 -0600"
    },
    "done": true
  },
  "cfm:recipes/cfm/stripped_spruce_desk_cabinet": {
    "criteria": {
      "has_planks": "2024-06-09 01:05:19 -0600"
    },
    "done": true
  },
  "minecraft:recipes/combat/iron_boots": {
    "criteria": {
      "has_iron_ingot": "2024-06-08 23:30:41 -0600"
    },
    "done": true
  },
  "minecraft:recipes/misc/bone_meal": {
    "criteria": {
      "has_bone": "2024-06-08 23:36:57 -0600"
    },
    "done": true
  },
  "minecraft:recipes/building_blocks/black_concrete_powder": {
    "criteria": {
      "has_sand": "2024-06-08 23:50:11 -0600"
    },
    "done": true
  },
  "minecraft:story/iron_tools": {
    "criteria": {
      "iron_pickaxe": "2024-06-08 23:39:46 -0600"
    },
    "done": true
  },
  "botania:recipes/botania/petal_black": {
    "criteria": {
      "has_item": "2024-06-08 23:40:27 -0600"
    },
    "done": true
  },
  "minecraft:recipes/building_blocks/sandstone_stairs_from_sandstone_stonecutting": {
    "criteria": {
      "has_sandstone": "2024-06-08 23:50:09 -0600"
    },
    "done": true
  },
  "farmersdelight:recipes/farmersdelight/iron_knife": {
    "criteria": {
      "has_iron_ingot": "2024-06-08 23:30:41 -0600"
    },
    "done": true
  },
  "cfm:recipes/cfm/orange_kitchen_drawer": {
    "criteria": {
      "has_chest": "2024-06-08 23:51:53 -0600"
    },
    "done": true
  },
  "minecraft:recipes/redstone/stone_button": {
    "criteria": {
      "has_stone": "2024-06-09 01:31:34 -0600"
    },
    "done": true
  },
  "minecraft:recipes/combat/iron_chestplate": {
    "criteria": {
      "has_iron_ingot": "2024-06-08 23:30:41 -0600"
    },
    "done": true
  },
  "minecraft:recipes/combat/crossbow": {
    "criteria": {
      "has_stick": "2024-06-08 23:27:21 -0600"
    },
    "done": true
  },
  "minecraft:recipes/building_blocks/yellow_wool": {
    "criteria": {
      "has_white_wool": "2024-06-09 00:06:03 -0600"
    },
    "done": true
  },
  "minecraft:recipes/redstone/spruce_pressure_plate": {
    "criteria": {
      "has_planks": "2024-06-09 00:12:42 -0600"
    },
    "done": true
  },
  "cfm:recipes/cfm/acacia_table": {
    "criteria": {
      "has_planks": "2024-06-09 00:07:05 -0600"
    },
    "done": true
  },
  "minecraft:recipes/decorations/oak_sign": {
    "criteria": {
      "has_oak_planks": "2024-06-08 23:30:53 -0600"
    },
    "done": true
  },
  "cfm:recipes/cfm/stripped_birch_mail_box": {
    "criteria": {
      "has_chest": "2024-06-08 23:51:53 -0600"
    },
    "done": true
  },
  "minecraft:recipes/redstone/oak_trapdoor": {
    "criteria": {
      "has_planks": "2024-06-08 23:30:53 -0600"
    },
    "done": true
  },
  "cfm:recipes/cfm/acacia_park_bench": {
    "criteria": {
      "has_planks": "2024-06-09 00:07:05 -0600"
    },
    "done": true
  },
  "minecraft:recipes/building_blocks/granite_stairs_from_granite_stonecutting": {
    "criteria": {
      "has_granite": "2024-06-09 00:00:56 -0600"
    },
    "done": true
  },
  "minecraft:recipes/building_blocks/polished_diorite_from_diorite_stonecutting": {
    "criteria": {
      "has_diorite": "2024-06-09 01:30:19 -0600"
    },
    "done": true
  },
  "minecraft:recipes/building_blocks/red_concrete_powder": {
    "criteria": {
      "has_sand": "2024-06-08 23:50:11 -0600"
    },
    "done": true
  },
  "cfm:recipes/cfm/stripped_oak_desk": {
    "criteria": {
      "has_planks": "2024-06-08 23:26:13 -0600"
    },
    "done": true
  },
  "cfm:recipes/cfm/stripped_oak_mail_box": {
    "criteria": {
      "has_chest": "2024-06-08 23:51:53 -0600"
    },
    "done": true
  },
  "minecraft:recipes/misc/iron_nugget_from_blasting": {
    "criteria": {
      "has_iron_helmet": "2024-06-08 23:30:12 -0600"
    },
    "done": true
  },
  "minecraft:adventure/kill_a_mob": {
    "criteria": {
      "minecraft:skeleton": "2024-06-08 23:36:48 -0600"
    },
    "done": true
  },
  "minecraft:recipes/building_blocks/blue_terracotta": {
    "criteria": {
      "has_terracotta": "2024-06-09 00:14:35 -0600"
    },
    "done": true
  },
  "minecraft:recipes/tools/golden_pickaxe": {
    "criteria": {
      "has_gold_ingot": "2024-06-08 23:51:52 -0600"
    },
    "done": true
  },
  "alexsmobs:alexsmobs/seagull_steal": {
    "criteria": {
      "ex": "2024-06-08 23:52:14 -0600"
    },
    "done": true
  },
  "minecraft:recipes/decorations/diorite_wall": {
    "criteria": {
      "has_diorite": "2024-06-09 01:30:19 -0600"
    },
    "done": true
  },
  "minecraft:recipes/building_blocks/stone": {
    "criteria": {
      "has_cobblestone": "2024-06-08 23:31:00 -0600"
    },
    "done": true
  },
  "biomesoplenty:recipes/transportation/hellbark_boat": {
    "criteria": {
      "in_water": "2024-06-08 23:41:55 -0600"
    },
    "done": true
  },
  "minecraft:recipes/building_blocks/light_blue_terracotta": {
    "criteria": {
      "has_terracotta": "2024-06-09 00:14:35 -0600"
    },
    "done": true
  },
  "minecraft:recipes/decorations/stonecutter": {
    "criteria": {
      "has_stone": "2024-06-09 01:31:34 -0600"
    },
    "done": true
  },
  "cfm:recipes/cfm/granite_table": {
    "criteria": {
      "has_planks": "2024-06-09 00:00:56 -0600"
    },
    "done": true
  },
  "minecraft:adventure/adventuring_time": {
    "criteria": {
      "minecraft:forest": "2024-06-08 23:26:04 -0600",
      "minecraft:mountains": "2024-06-09 00:39:49 -0600",
      "minecraft:badlands_plateau": "2024-06-09 00:14:16 -0600",
      "minecraft:desert_hills": "2024-06-08 23:49:57 -0600",
      "minecraft:desert": "2024-06-08 23:46:04 -0600",
      "minecraft:deep_lukewarm_ocean": "2024-06-09 00:37:51 -0600",
      "minecraft:badlands": "2024-06-09 00:03:02 -0600",
      "minecraft:savanna_plateau": "2024-06-08 23:59:05 -0600",
      "minecraft:beach": "2024-06-08 23:47:03 -0600",
      "minecraft:river": "2024-06-08 23:41:55 -0600",
      "minecraft:lukewarm_ocean": "2024-06-09 00:37:50 -0600",
      "minecraft:wooded_mountains": "2024-06-09 00:41:06 -0600",
      "minecraft:wooded_hills": "2024-06-08 23:41:29 -0600",
      "minecraft:stone_shore": "2024-06-09 00:48:07 -0600",
      "minecraft:savanna": "2024-06-08 23:57:24 -0600",
      "minecraft:plains": "2024-06-08 23:25:48 -0600"
    },
    "done": false
  },
  "botania:recipes/botania/petal_orange": {
    "criteria": {
      "has_item": "2024-06-09 01:18:14 -0600"
    },
    "done": true
  },
  "cfm:recipes/cfm/jungle_kitchen_counter": {
    "criteria": {
      "has_planks": "2024-06-09 00:10:29 -0600"
    },
    "done": true
  },
  "cfm:recipes/cfm/jungle_park_bench": {
    "criteria": {
      "has_planks": "2024-06-09 00:10:29 -0600"
    },
    "done": true
  },
  "cfm:recipes/cfm/red_grill": {
    "criteria": {
      "has_iron": "2024-06-08 23:30:41 -0600"
    },
    "done": true
  },
  "minecraft:recipes/combat/stone_sword": {
    "criteria": {
      "has_cobblestone": "2024-06-08 23:31:00 -0600"
    },
    "done": true
  },
  "cfm:recipes/cfm/green_kitchen_drawer": {
    "criteria": {
      "has_chest": "2024-06-08 23:51:53 -0600"
    },
    "done": true
  },
  "minecraft:recipes/decorations/light_gray_carpet": {
    "criteria": {
      "has_light_gray_wool": "2024-06-08 23:43:29 -0600"
    },
    "done": true
  },
  "cfm:recipes/cfm/brown_kitchen_counter": {
    "criteria": {
      "has_stone": "2024-06-09 00:14:35 -0600"
    },
    "done": true
  },
  "minecraft:recipes/decorations/cobblestone_wall": {
    "criteria": {
      "has_cobblestone": "2024-06-08 23:31:00 -0600"
    },
    "done": true
  },
  "minecraft:recipes/decorations/barrel": {
    "criteria": {
      "has_planks": "2024-06-08 23:30:53 -0600"
    },
    "done": true
  },
  "cfm:recipes/cfm/stone_cabinet": {
    "criteria": {
      "has_planks": "2024-06-08 23:31:00 -0600"
    },
    "done": true
  },
  "cfm:recipes/cfm/acacia_desk": {
    "criteria": {
      "has_planks": "2024-06-09 00:07:05 -0600"
    },
    "done": true
  },
  "minecraft:recipes/brewing/fermented_spider_eye": {
    "criteria": {
      "has_spider_eye": "2024-06-08 23:51:52 -0600"
    },
    "done": true
  },
  "cfm:recipes/cfm/orange_kitchen_counter": {
    "criteria": {
      "has_stone": "2024-06-09 00:14:35 -0600"
    },
    "done": true
  },
  "minecraft:recipes/tools/stone_pickaxe": {
    "criteria": {
      "has_cobblestone": "2024-06-08 23:31:00 -0600"
    },
    "done": true
  },
  "minecraft:recipes/decorations/smithing_table": {
    "criteria": {
      "has_iron_ingot": "2024-06-08 23:30:41 -0600"
    },
    "done": true
  },
  "cfm:recipes/cfm/diorite_coffee_table": {
    "criteria": {
      "has_planks": "2024-06-09 01:30:19 -0600"
    },
    "done": true
  },
  "cfm:recipes/cfm/oak_desk_cabinet": {
    "criteria": {
      "has_log": "2024-06-08 23:26:13 -0600"
    },
    "done": true
  },
  "minecraft:recipes/redstone/stone_pressure_plate": {
    "criteria": {
      "has_stone": "2024-06-09 01:31:34 -0600"
    },
    "done": true
  },
  "sophisticatedbackpacks:recipes/sophisticatedbackpacks/diamond_backpack": {
    "criteria": {
      "has_gold_backpack": "2024-06-09 00:27:47 -0600"
    },
    "done": true
  },
  "minecraft:recipes/decorations/cobblestone_wall_from_cobblestone_stonecutting": {
    "criteria": {
      "has_cobblestone": "2024-06-08 23:31:00 -0600"
    },
    "done": true
  },
  "minecraft:recipes/building_blocks/cut_sandstone_slab": {
    "criteria": {
      "has_cut_sandstone": "2024-06-08 23:50:42 -0600"
    },
    "done": true
  },
  "cfm:recipes/cfm/light_gray_cooler": {
    "criteria": {
      "has_chest": "2024-06-08 23:51:53 -0600"
    },
    "done": true
  },
  "cfm:recipes/cfm/stripped_dark_oak_mail_box": {
    "criteria": {
      "has_chest": "2024-06-08 23:51:53 -0600"
    },
    "done": true
  },
  "minecraft:recipes/building_blocks/diamond_block": {
    "criteria": {
      "has_diamond": "2024-06-09 00:00:41 -0600"
    },
    "done": true
  },
  "cfm:recipes/cfm/red_kitchen_drawer": {
    "criteria": {
      "has_chest": "2024-06-08 23:51:52 -0600"
    },
    "done": true
  },
  "cfm:recipes/cfm/black_grill": {
    "criteria": {
      "has_iron": "2024-06-08 23:30:41 -0600"
    },
    "done": true
  },
  "cfm:recipes/cfm/light_blue_kitchen_drawer": {
    "criteria": {
      "has_chest": "2024-06-08 23:51:53 -0600"
    },
    "done": true
  },
  "cfm:recipes/cfm/light_gray_sofa": {
    "criteria": {
      "has_wool": "2024-06-08 23:43:29 -0600"
    },
    "done": true
  },
  "minecraft:recipes/decorations/acacia_sign": {
    "criteria": {
      "has_acacia_planks": "2024-06-09 00:07:05 -0600"
    },
    "done": true
  },
  "dungeons_arise:wda_root": {
    "criteria": {
      "WDA": "2024-06-08 23:25:49 -0600"
    },
    "done": true
  },
  "cfm:recipes/cfm/stripped_dark_oak_kitchen_drawer": {
    "criteria": {
      "has_chest": "2024-06-08 23:51:53 -0600"
    },
    "done": true
  },
  "cfm:recipes/cfm/white_kitchen_counter": {
    "criteria": {
      "has_stone": "2024-06-09 00:14:35 -0600"
    },
    "done": true
  },
  "sophisticatedbackpacks:recipes/sophisticatedbackpacks/auto_blasting_upgrade": {
    "criteria": {
      "has_blasting_upgrade": "2024-06-08 23:25:48 -0600"
    },
    "done": true
  },
  "cfm:recipes/cfm/light_blue_cooler": {
    "criteria": {
      "has_chest": "2024-06-08 23:51:53 -0600"
    },
    "done": true
  },
  "minecraft:recipes/decorations/lantern": {
    "criteria": {
      "has_iron_ingot": "2024-06-08 23:30:41 -0600"
    },
    "done": true
  },
  "cfm:recipes/cfm/light_blue_grill": {
    "criteria": {
      "has_iron": "2024-06-08 23:30:41 -0600"
    },
    "done": true
  },
  "biomesoplenty:recipes/transportation/jacaranda_boat": {
    "criteria": {
      "in_water": "2024-06-08 23:41:55 -0600"
    },
    "done": true
  },
  "cfm:recipes/cfm/stripped_acacia_mail_box": {
    "criteria": {
      "has_chest": "2024-06-08 23:51:52 -0600"
    },
    "done": true
  },
  "cfm:recipes/cfm/post_box": {
    "criteria": {
      "has_iron": "2024-06-08 23:30:41 -0600"
    },
    "done": true
  },
  "cfm:recipes/cfm/stripped_acacia_kitchen_drawer": {
    "criteria": {
      "has_chest": "2024-06-08 23:51:53 -0600"
    },
    "done": true
  },
  "cfm:recipes/cfm/jungle_kitchen_sink_dark": {
    "criteria": {
      "has_bottom": "2024-06-09 00:10:29 -0600"
    },
    "done": true
  },
  "cfm:recipes/cfm/purple_cooler": {
    "criteria": {
      "has_chest": "2024-06-08 23:51:53 -0600"
    },
    "done": true
  },
  "minecraft:recipes/decorations/sandstone_wall": {
    "criteria": {
      "has_sandstone": "2024-06-08 23:50:09 -0600"
    },
    "done": true
  },
  "cfm:recipes/cfm/pink_picket_fence": {
    "criteria": {
      "has_concrete": "2024-06-09 00:25:47 -0600"
    },
    "done": true
  },
  "minecraft:recipes/misc/gold_nugget_from_smelting": {
    "criteria": {
      "has_golden_horse_armor": "2024-06-09 00:15:43 -0600"
    },
    "done": true
  },
  "cfm:recipes/cfm/stripped_jungle_kitchen_drawer": {
    "criteria": {
      "has_chest": "2024-06-08 23:51:53 -0600"
    },
    "done": true
  },
  "cfm:recipes/cfm/birch_kitchen_drawer": {
    "criteria": {
      "has_chest": "2024-06-08 23:51:52 -0600"
    },
    "done": true
  },
  "cfm:recipes/cfm/stone_table": {
    "criteria": {
      "has_planks": "2024-06-08 23:31:00 -0600"
    },
    "done": true
  },
  "minecraft:recipes/building_blocks/polished_diorite": {
    "criteria": {
      "has_stone": "2024-06-09 01:30:19 -0600"
    },
    "done": true
  },
  "minecraft:recipes/building_blocks/light_gray_wool": {
    "criteria": {
      "has_white_wool": "2024-06-09 00:06:03 -0600"
    },
    "done": true
  },
  "minecraft:recipes/decorations/andesite_wall": {
    "criteria": {
      "has_andesite": "2024-06-09 00:01:31 -0600"
    },
    "done": true
  },
  "minecraft:recipes/building_blocks/andesite_slab": {
    "criteria": {
      "has_andesite": "2024-06-09 00:01:31 -0600"
    },
    "done": true
  },
  "minecraft:recipes/building_blocks/red_wool": {
    "criteria": {
      "has_white_wool": "2024-06-09 00:06:03 -0600"
    },
    "done": true
  },
  "minecraft:recipes/building_blocks/acacia_stairs": {
    "criteria": {
      "has_planks": "2024-06-09 00:07:05 -0600"
    },
    "done": true
  },
  "cfm:recipes/cfm/black_cooler": {
    "criteria": {
      "has_chest": "2024-06-08 23:51:52 -0600"
    },
    "done": true
  },
  "cfm:recipes/cfm/spruce_crate": {
    "criteria": {
      "has_planks": "2024-06-09 00:12:42 -0600"
    },
    "done": true
  },
  "minecraft:recipes/building_blocks/white_terracotta": {
    "criteria": {
      "has_terracotta": "2024-06-09 00:14:35 -0600"
    },
    "done": true
  },
  "minecraft:recipes/tools/stone_axe": {
    "criteria": {
      "has_cobblestone": "2024-06-08 23:31:00 -0600"
    },
    "done": true
  },
  "minecraft:recipes/food/cooked_mutton": {
    "criteria": {
      "has_mutton": "2024-06-08 23:43:29 -0600"
    },
    "done": true
  },
  "cfm:recipes/cfm/jungle_crate": {
    "criteria": {
      "has_planks": "2024-06-09 00:10:29 -0600"
    },
    "done": true
  },
  "cfm:recipes/cfm/yellow_kitchen_sink": {
    "criteria": {
      "has_top": "2024-06-09 00:14:34 -0600"
    },
    "done": true
  },
  "cfm:recipes/cfm/spruce_kitchen_counter": {
    "criteria": {
      "has_planks": "2024-06-09 00:12:42 -0600"
    },
    "done": true
  },
  "minecraft:recipes/building_blocks/yellow_terracotta": {
    "criteria": {
      "has_terracotta": "2024-06-09 00:14:35 -0600"
    },
    "done": true
  },
  "farmersdelight:recipes/farmersdelight/wheat_dough_from_eggs": {
    "criteria": {
      "has_wheat": "2024-06-08 23:38:19 -0600"
    },
    "done": true
  },
  "minecraft:recipes/building_blocks/purple_wool": {
    "criteria": {
      "has_white_wool": "2024-06-09 00:06:03 -0600"
    },
    "done": true
  },
  "cfm:recipes/cfm/lime_kitchen_counter": {
    "criteria": {
      "has_stone": "2024-06-09 00:14:35 -0600"
    },
    "done": true
  },
  "minecraft:recipes/building_blocks/purple_terracotta": {
    "criteria": {
      "has_terracotta": "2024-06-09 00:14:35 -0600"
    },
    "done": true
  },
  "minecraft:recipes/building_blocks/cobblestone_stairs_from_cobblestone_stonecutting": {
    "criteria": {
      "has_cobblestone": "2024-06-08 23:31:00 -0600"
    },
    "done": true
  },
  "minecraft:recipes/building_blocks/magenta_concrete_powder": {
    "criteria": {
      "has_sand": "2024-06-08 23:50:11 -0600"
    },
    "done": true
  },
  "cfm:recipes/cfm/white_cooler": {
    "criteria": {
      "has_chest": "2024-06-08 23:51:53 -0600"
    },
    "done": true
  },
  "minecraft:recipes/misc/writable_book": {
    "criteria": {
      "has_book": "2024-06-09 00:07:08 -0600"
    },
    "done": true
  },
  "cfm:recipes/cfm/granite_desk": {
    "criteria": {
      "has_planks": "2024-06-09 00:00:56 -0600"
    },
    "done": true
  },
  "farmersdelight:recipes/farmersdelight/tomato_crate": {
    "criteria": {
      "has_tomato": "2024-06-08 23:56:42 -0600"
    },
    "done": true
  },
  "minecraft:recipes/misc/wheat": {
    "criteria": {
      "has_hay_block": "2024-06-08 23:31:57 -0600"
    },
    "done": true
  },
  "biomesoplenty:recipes/transportation/willow_boat": {
    "criteria": {
      "in_water": "2024-06-08 23:41:55 -0600"
    },
    "done": true
  },
  "minecraft:recipes/building_blocks/polished_andesite_stairs_from_andesite_stonecutting": {
    "criteria": {
      "has_andesite": "2024-06-09 00:01:31 -0600"
    },
    "done": true
  },
  "minecraft:recipes/decorations/white_bed": {
    "criteria": {
      "has_white_wool": "2024-06-09 00:06:03 -0600"
    },
    "done": true
  },
  "cfm:recipes/cfm/acacia_desk_cabinet": {
    "criteria": {
      "has_planks": "2024-06-09 00:07:05 -0600"
    },
    "done": true
  },
  "minecraft:recipes/building_blocks/cut_sandstone_from_sandstone_stonecutting": {
    "criteria": {
      "has_sandstone": "2024-06-08 23:50:09 -0600"
    },
    "done": true
  },
  "cfm:recipes/cfm/stripped_warped_mail_box": {
    "criteria": {
      "has_chest": "2024-06-08 23:51:52 -0600"
    },
    "done": true
  },
  "minecraft:recipes/misc/green_dye": {
    "criteria": {
      "has_cactus": "2024-06-09 00:05:03 -0600"
    },
    "done": true
  },
  "cfm:recipes/cfm/stone_desk_cabinet": {
    "criteria": {
      "has_planks": "2024-06-08 23:31:00 -0600"
    },
    "done": true
  },
  "minecraft:recipes/decorations/campfire": {
    "criteria": {
      "has_stick": "2024-06-08 23:27:21 -0600"
    },
    "done": true
  },
  "cfm:recipes/cfm/light_blue_kitchen_counter": {
    "criteria": {
      "has_stone": "2024-06-09 00:14:35 -0600"
    },
    "done": true
  },
  "minecraft:recipes/tools/golden_hoe": {
    "criteria": {
      "has_gold_ingot": "2024-06-08 23:51:52 -0600"
    },
    "done": true
  },
  "minecraft:recipes/food/bread": {
    "criteria": {
      "has_wheat": "2024-06-08 23:38:19 -0600"
    },
    "done": true
  },
  "minecraft:recipes/building_blocks/diorite_slab_from_diorite_stonecutting": {
    "criteria": {
      "has_diorite": "2024-06-09 01:30:19 -0600"
    },
    "done": true
  },
  "minecraft:recipes/building_blocks/smooth_stone": {
    "criteria": {
      "has_stone": "2024-06-09 01:31:34 -0600"
    },
    "done": true
  },
  "biomesoplenty:recipes/transportation/mahogany_boat": {
    "criteria": {
      "in_water": "2024-06-08 23:41:55 -0600"
    },
    "done": true
  },
  "cfm:recipes/cfm/stone_coffee_table": {
    "criteria": {
      "has_planks": "2024-06-08 23:31:00 -0600"
    },
    "done": true
  },
  "minecraft:recipes/misc/iron_nugget": {
    "criteria": {
      "has_iron_ingot": "2024-06-08 23:30:41 -0600"
    },
    "done": true
  },
  "minecraft:recipes/building_blocks/brown_concrete_powder": {
    "criteria": {
      "has_sand": "2024-06-08 23:50:11 -0600"
    },
    "done": true
  },
  "minecraft:recipes/building_blocks/stone_slab_from_stone_stonecutting": {
    "criteria": {
      "has_stone": "2024-06-09 01:31:34 -0600"
    },
    "done": true
  },
  "cfm:recipes/cfm/stripped_oak_chair": {
    "criteria": {
      "has_planks": "2024-06-08 23:26:12 -0600"
    },
    "done": true
  },
  "minecraft:recipes/combat/diamond_sword": {
    "criteria": {
      "has_diamond": "2024-06-09 00:00:41 -0600"
    },
    "done": true
  },
  "minecraft:recipes/building_blocks/cyan_wool": {
    "criteria": {
      "has_white_wool": "2024-06-09 00:06:03 -0600"
    },
    "done": true
  },
  "cfm:recipes/cfm/oak_crate": {
    "criteria": {
      "has_log": "2024-06-08 23:26:13 -0600"
    },
    "done": true
  },
  "cfm:recipes/cfm/trampoline": {
    "criteria": {
      "has_iron": "2024-06-08 23:30:41 -0600"
    },
    "done": true
  },
  "biomesoplenty:recipes/transportation/dead_boat": {
    "criteria": {
      "in_water": "2024-06-08 23:41:55 -0600"
    },
    "done": true
  },
  "minecraft:recipes/food/cooked_beef_from_grill_cooking": {
    "criteria": {
      "has_beef": "2024-06-09 00:07:07 -0600"
    },
    "done": true
  },
  "cfm:recipes/cfm/rock_path": {
    "criteria": {
      "has_andesite": "2024-06-09 00:01:31 -0600"
    },
    "done": true
  },
  "minecraft:recipes/decorations/jukebox": {
    "criteria": {
      "has_diamond": "2024-06-09 00:00:41 -0600"
    },
    "done": true
  },
  "minecraft:recipes/transportation/spruce_boat": {
    "criteria": {
      "in_water": "2024-06-08 23:41:55 -0600"
    },
    "done": true
  },
  "dungeons_arise:find_abandoned_temple": {
    "criteria": {
      "location0": "2024-06-09 00:29:08 -0600"
    },
    "done": true
  },
  "cfm:recipes/cfm/stripped_oak_table": {
    "criteria": {
      "has_planks": "2024-06-08 23:26:12 -0600"
    },
    "done": true
  },
  "cfm:recipes/cfm/stripped_spruce_park_bench": {
    "criteria": {
      "has_log": "2024-06-09 01:05:19 -0600"
    },
    "done": true
  },
  "minecraft:recipes/tools/flint_and_steel": {
    "criteria": {
      "has_flint": "2024-06-08 23:50:36 -0600"
    },
    "done": true
  },
  "minecraft:recipes/misc/red_dye_from_beetroot": {
    "criteria": {
      "has_beetroot": "2024-06-09 00:07:08 -0600"
    },
    "done": true
  },
  "cfm:recipes/cfm/stripped_spruce_crate": {
    "criteria": {
      "has_planks": "2024-06-09 01:05:19 -0600"
    },
    "done": true
  },
  "cfm:recipes/cfm/green_cooler": {
    "criteria": {
      "has_chest": "2024-06-08 23:51:52 -0600"
    },
    "done": true
  },
  "minecraft:recipes/building_blocks/gray_wool": {
    "criteria": {
      "has_white_wool": "2024-06-09 00:06:03 -0600"
    },
    "done": true
  },
  "minecraft:recipes/building_blocks/polished_granite_from_granite_stonecutting": {
    "criteria": {
      "has_granite": "2024-06-09 00:00:56 -0600"
    },
    "done": true
  },
  "cfm:recipes/cfm/oak_kitchen_counter": {
    "criteria": {
      "has_log": "2024-06-08 23:26:13 -0600"
    },
    "done": true
  },
  "alexsmobs:alexsmobs/kangaroo": {
    "criteria": {
      "killed_by": "2024-06-09 00:34:26 -0600"
    },
    "done": true
  },
  "minecraft:recipes/misc/gold_nugget": {
    "criteria": {
      "has_gold_ingot": "2024-06-08 23:51:52 -0600"
    },
    "done": true
  },
  "cfm:recipes/cfm/light_gray_kitchen_drawer": {
    "criteria": {
      "has_chest": "2024-06-08 23:51:52 -0600"
    },
    "done": true
  },
  "cfm:recipes/cfm/stripped_oak_kitchen_drawer": {
    "criteria": {
      "has_log": "2024-06-08 23:26:13 -0600"
    },
    "done": true
  },
  "cfm:recipes/cfm/jungle_coffee_table": {
    "criteria": {
      "has_planks": "2024-06-09 00:10:29 -0600"
    },
    "done": true
  },
  "minecraft:husbandry/balanced_diet": {
    "criteria": {
      "cooked_porkchop": "2024-06-09 00:12:55 -0600",
      "beef": "2024-06-09 00:17:08 -0600",
      "apple": "2024-06-09 00:34:04 -0600",
      "bread": "2024-06-08 23:39:05 -0600"
    },
    "done": false
  },
  "minecraft:recipes/building_blocks/gray_terracotta": {
    "criteria": {
      "has_terracotta": "2024-06-09 00:14:35 -0600"
    },
    "done": true
  },
  "cfm:recipes/cfm/stripped_spruce_mail_box": {
    "criteria": {
      "has_chest": "2024-06-08 23:51:53 -0600"
    },
    "done": true
  },
  "minecraft:recipes/redstone/jungle_trapdoor": {
    "criteria": {
      "has_planks": "2024-06-09 00:10:29 -0600"
    },
    "done": true
  },
  "minecraft:recipes/tools/wooden_hoe": {
    "criteria": {
      "has_stick": "2024-06-08 23:27:21 -0600"
    },
    "done": true
  },
  "cfm:recipes/cfm/oak_blinds": {
    "criteria": {
      "has_log": "2024-06-08 23:26:13 -0600"
    },
    "done": true
  },
  "cfm:recipes/cfm/acacia_bedside_cabinet": {
    "criteria": {
      "has_planks": "2024-06-09 00:07:05 -0600"
    },
    "done": true
  },
  "cfm:recipes/cfm/stone_desk": {
    "criteria": {
      "has_planks": "2024-06-08 23:31:00 -0600"
    },
    "done": true
  },
  "minecraft:recipes/misc/bucket": {
    "criteria": {
      "has_iron_ingot": "2024-06-08 23:30:41 -0600"
    },
    "done": true
  },
  "minecraft:recipes/redstone/jungle_button": {
    "criteria": {
      "has_planks": "2024-06-09 00:10:29 -0600"
    },
    "done": true
  },
  "cfm:recipes/cfm/andesite_table": {
    "criteria": {
      "has_planks": "2024-06-09 00:01:31 -0600"
    },
    "done": true
  },
  "minecraft:recipes/building_blocks/diorite_slab": {
    "criteria": {
      "has_diorite": "2024-06-09 01:30:19 -0600"
    },
    "done": true
  },
  "cfm:recipes/cfm/acacia_coffee_table": {
    "criteria": {
      "has_planks": "2024-06-09 00:07:05 -0600"
    },
    "done": true
  },
  "minecraft:recipes/building_blocks/cobblestone_stairs": {
    "criteria": {
      "has_cobblestone": "2024-06-08 23:31:00 -0600"
    },
    "done": true
  },
  "cfm:recipes/cfm/oak_kitchen_sink_dark": {
    "criteria": {
      "has_bottom": "2024-06-08 23:30:53 -0600"
    },
    "done": true
  },
  "biomesoplenty:recipes/transportation/magic_boat": {
    "criteria": {
      "in_water": "2024-06-08 23:41:55 -0600"
    },
    "done": true
  },
  "cfm:recipes/cfm/yellow_kitchen_counter": {
    "criteria": {
      "has_stone": "2024-06-09 00:14:35 -0600"
    },
    "done": true
  },
  "minecraft:recipes/building_blocks/chiseled_sandstone_from_sandstone_stonecutting": {
    "criteria": {
      "has_sandstone": "2024-06-08 23:50:09 -0600"
    },
    "done": true
  },
  "minecraft:recipes/decorations/granite_wall": {
    "criteria": {
      "has_granite": "2024-06-09 00:00:56 -0600"
    },
    "done": true
  },
  "cfm:recipes/cfm/andesite_chair": {
    "criteria": {
      "has_planks": "2024-06-09 00:01:31 -0600"
    },
    "done": true
  },
  "botania:recipes/botania/flower_bag": {
    "criteria": {
      "has_item": "2024-06-08 23:40:27 -0600"
    },
    "done": true
  },
  "minecraft:recipes/decorations/white_banner": {
    "criteria": {
      "has_white_wool": "2024-06-09 00:06:03 -0600"
    },
    "done": true
  },
  "minecraft:recipes/building_blocks/light_blue_concrete_powder": {
    "criteria": {
      "has_sand": "2024-06-08 23:50:11 -0600"
    },
    "done": true
  },
  "minecraft:recipes/building_blocks/orange_terracotta": {
    "criteria": {
      "has_terracotta": "2024-06-09 00:14:35 -0600"
    },
    "done": true
  },
  "minecraft:recipes/decorations/mossy_cobblestone_wall": {
    "criteria": {
      "has_mossy_cobblestone": "2024-06-08 23:34:07 -0600"
    },
    "done": true
  },
  "cfm:recipes/cfm/gray_cooler": {
    "criteria": {
      "has_chest": "2024-06-08 23:51:53 -0600"
    },
    "done": true
  },
  "cfm:recipes/cfm/cyan_cooler": {
    "criteria": {
      "has_chest": "2024-06-08 23:51:52 -0600"
    },
    "done": true
  },
  "minecraft:recipes/building_blocks/hay_block": {
    "criteria": {
      "has_wheat": "2024-06-08 23:38:19 -0600"
    },
    "done": true
  },
  "minecraft:recipes/building_blocks/glass": {
    "criteria": {
      "has_sand": "2024-06-08 23:50:11 -0600"
    },
    "done": true
  },
  "minecraft:recipes/combat/iron_helmet": {
    "criteria": {
      "has_iron_ingot": "2024-06-08 23:30:41 -0600"
    },
    "done": true
  },
  "minecraft:recipes/tools/golden_shovel": {
    "criteria": {
      "has_gold_ingot": "2024-06-08 23:51:52 -0600"
    },
    "done": true
  },
  "cfm:recipes/cfm/yellow_grill": {
    "criteria": {
      "has_iron": "2024-06-08 23:30:41 -0600"
    },
    "done": true
  },
  "minecraft:recipes/combat/bow": {
    "criteria": {
      "has_string": "2024-06-08 23:35:47 -0600"
    },
    "done": true
  },
  "minecraft:recipes/decorations/mossy_cobblestone_wall_from_mossy_cobblestone_stonecutting": {
    "criteria": {
      "has_mossy_cobblestone": "2024-06-08 23:34:07 -0600"
    },
    "done": true
  },
  "minecraft:recipes/redstone/oak_fence_gate": {
    "criteria": {
      "has_planks": "2024-06-08 23:30:53 -0600"
    },
    "done": true
  },
  "minecraft:recipes/redstone/tnt": {
    "criteria": {
      "has_gunpowder": "2024-06-08 23:51:52 -0600"
    },
    "done": true
  },
  "cfm:recipes/cfm/white_sofa": {
    "criteria": {
      "has_wool": "2024-06-09 00:06:03 -0600"
    },
    "done": true
  },
  "minecraft:recipes/building_blocks/acacia_slab": {
    "criteria": {
      "has_planks": "2024-06-09 00:07:05 -0600"
    },
    "done": true
  },
  "minecraft:recipes/building_blocks/smooth_sandstone": {
    "criteria": {
      "has_sandstone": "2024-06-08 23:50:09 -0600"
    },
    "done": true
  },
  "minecraft:recipes/building_blocks/cut_sandstone_slab_from_cut_sandstone_stonecutting": {
    "criteria": {
      "has_cut_sandstone": "2024-06-08 23:50:09 -0600"
    },
    "done": true
  },
  "minecraft:recipes/building_blocks/purple_concrete_powder": {
    "criteria": {
      "has_sand": "2024-06-08 23:50:11 -0600"
    },
    "done": true
  },
  "dungeons_arise:find_illager_windmill": {
    "criteria": {
      "location0": "2024-06-08 23:29:52 -0600"
    },
    "done": true
  },
  "minecraft:recipes/decorations/diorite_wall_from_diorite_stonecutting": {
    "criteria": {
      "has_diorite": "2024-06-09 01:30:19 -0600"
    },
    "done": true
  },
  "cfm:recipes/cfm/dark_oak_mail_box": {
    "criteria": {
      "has_chest": "2024-06-08 23:51:53 -0600"
    },
    "done": true
  },
  "minecraft:recipes/combat/diamond_chestplate": {
    "criteria": {
      "has_diamond": "2024-06-09 00:00:41 -0600"
    },
    "done": true
  },
  "minecraft:story/mine_stone": {
    "criteria": {
      "get_stone": "2024-06-08 23:31:00 -0600"
    },
    "done": true
  },
  "minecraft:recipes/redstone/target": {
    "criteria": {
      "has_hay_block": "2024-06-08 23:31:57 -0600"
    },
    "done": true
  },
  "minecraft:recipes/decorations/furnace": {
    "criteria": {
      "has_cobblestone": "2024-06-08 23:31:00 -0600"
    },
    "done": true
  },
  "minecraft:recipes/transportation/minecart": {
    "criteria": {
      "has_iron_ingot": "2024-06-08 23:30:41 -0600"
    },
    "done": true
  },
  "cfm:recipes/cfm/stripped_spruce_table": {
    "criteria": {
      "has_planks": "2024-06-09 01:05:19 -0600"
    },
    "done": true
  },
  "minecraft:recipes/decorations/orange_glazed_terracotta": {
    "criteria": {
      "has_orange_terracotta": "2024-06-09 00:14:36 -0600"
    },
    "done": true
  },
  "minecraft:recipes/food/beetroot_soup": {
    "criteria": {
      "has_beetroot": "2024-06-09 00:07:08 -0600"
    },
    "done": true
  },
  "cfm:recipes/cfm/spruce_blinds": {
    "criteria": {
      "has_log": "2024-06-09 01:05:19 -0600"
    },
    "done": true
  },
  "alexsmobs:alexsmobs/grizzly_bear": {
    "criteria": {
      "killed_by": "2024-06-08 23:43:37 -0600"
    },
    "done": true
  },
  "farmersdelight:recipes/farmersdelight/tomato_seeds": {
    "criteria": {
      "has_tomato": "2024-06-08 23:56:42 -0600"
    },
    "done": true
  },
  "minecraft:recipes/building_blocks/andesite_stairs": {
    "criteria": {
      "has_andesite": "2024-06-09 00:01:31 -0600"
    },
    "done": true
  },
  "minecraft:recipes/misc/charcoal": {
    "criteria": {
      "has_log": "2024-06-08 23:26:13 -0600"
    },
    "done": true
  },
  "cfm:recipes/cfm/jungle_desk_cabinet": {
    "criteria": {
      "has_planks": "2024-06-09 00:10:29 -0600"
    },
    "done": true
  },
  "minecraft:recipes/building_blocks/orange_wool": {
    "criteria": {
      "has_white_wool": "2024-06-09 00:06:03 -0600"
    },
    "done": true
  },
  "minecraft:recipes/tools/iron_hoe": {
    "criteria": {
      "has_iron_ingot": "2024-06-08 23:30:41 -0600"
    },
    "done": true
  },
  "minecraft:recipes/tools/wooden_pickaxe": {
    "criteria": {
      "has_stick": "2024-06-08 23:27:21 -0600"
    },
    "done": true
  },
  "minecraft:husbandry/root": {
    "criteria": {
      "consumed_item": "2024-06-08 23:39:05 -0600"
    },
    "done": true
  },
  "cfm:recipes/cfm/orange_kitchen_sink": {
    "criteria": {
      "has_top": "2024-06-09 00:14:36 -0600"
    },
    "done": true
  },
  "minecraft:recipes/transportation/birch_boat": {
    "criteria": {
      "in_water": "2024-06-08 23:41:55 -0600"
    },
    "done": true
  },
  "minecraft:recipes/food/golden_apple": {
    "criteria": {
      "has_gold_ingot": "2024-06-08 23:51:52 -0600"
    },
    "done": true
  },
  "minecraft:recipes/building_blocks/polished_granite_slab_from_granite_stonecutting": {
    "criteria": {
      "has_granite": "2024-06-09 00:00:56 -0600"
    },
    "done": true
  },
  "minecraft:recipes/building_blocks/green_concrete_powder": {
    "criteria": {
      "has_sand": "2024-06-08 23:50:11 -0600"
    },
    "done": true
  },
  "minecraft:recipes/decorations/enchanting_table": {
    "criteria": {
      "has_obsidian": "2024-06-09 00:07:07 -0600"
    },
    "done": true
  },
  "minecraft:recipes/building_blocks/polished_andesite_from_andesite_stonecutting": {
    "criteria": {
      "has_andesite": "2024-06-09 00:01:31 -0600"
    },
    "done": true
  },
  "minecraft:recipes/tools/iron_shovel": {
    "criteria": {
      "has_iron_ingot": "2024-06-08 23:30:41 -0600"
    },
    "done": true
  },
  "cfm:recipes/cfm/gray_kitchen_counter": {
    "criteria": {
      "has_stone": "2024-06-09 00:14:35 -0600"
    },
    "done": true
  },
  "minecraft:recipes/redstone/acacia_door": {
    "criteria": {
      "has_planks": "2024-06-09 00:07:05 -0600"
    },
    "done": true
  },
  "botania:recipes/botania/red_string_container": {
    "criteria": {
      "has_base_block": "2024-06-08 23:51:52 -0600"
    },
    "done": true
  },
  "cfm:recipes/cfm/black_kitchen_drawer": {
    "criteria": {
      "has_chest": "2024-06-08 23:51:53 -0600"
    },
    "done": true
  },
  "farmersdelight:main/root": {
    "criteria": {
      "seeds": "2024-06-08 23:25:48 -0600"
    },
    "done": true
  },
  "botania:recipes/botania/lexicon": {
    "criteria": {
      "has_item": "2024-06-08 23:26:29 -0600"
    },
    "done": true
  },
  "minecraft:recipes/tools/stone_hoe": {
    "criteria": {
      "has_cobblestone": "2024-06-08 23:31:00 -0600"
    },
    "done": true
  },
  "minecraft:recipes/decorations/spruce_fence": {
    "criteria": {
      "has_planks": "2024-06-09 00:12:42 -0600"
    },
    "done": true
  },
  "minecraft:recipes/tools/diamond_hoe": {
    "criteria": {
      "has_diamond": "2024-06-09 00:00:41 -0600"
    },
    "done": true
  },
  "minecraft:recipes/tools/diamond_shovel": {
    "criteria": {
      "has_diamond": "2024-06-09 00:00:41 -0600"
    },
    "done": true
  },
  "cfm:recipes/cfm/oak_upgraded_gate": {
    "criteria": {
      "has_log": "2024-06-08 23:26:12 -0600"
    },
    "done": true
  },
  "cfm:recipes/cfm/spruce_upgraded_fence": {
    "criteria": {
      "has_log": "2024-06-09 01:05:19 -0600"
    },
    "done": true
  },
  "cfm:recipes/cfm/crimson_mail_box": {
    "criteria": {
      "has_chest": "2024-06-08 23:51:52 -0600"
    },
    "done": true
  },
  "farmersdelight:recipes/farmersdelight/wheat_dough_from_water": {
    "criteria": {
      "has_wheat": "2024-06-08 23:38:19 -0600"
    },
    "done": true
  },
  "cfm:recipes/cfm/jungle_mail_box": {
    "criteria": {
      "has_chest": "2024-06-08 23:51:52 -0600"
    },
    "done": true
  },
  "minecraft:recipes/building_blocks/granite_slab": {
    "criteria": {
      "has_granite": "2024-06-09 00:00:56 -0600"
    },
    "done": true
  },
  "cfm:recipes/cfm/stripped_spruce_coffee_table": {
    "criteria": {
      "has_planks": "2024-06-09 01:05:19 -0600"
    },
    "done": true
  },
  "minecraft:recipes/decorations/white_carpet": {
    "criteria": {
      "has_white_wool": "2024-06-09 00:06:03 -0600"
    },
    "done": true
  },
  "dungeons_arise:find_merchant_campsite": {
    "criteria": {
      "location0": "2024-06-09 00:32:16 -0600"
    },
    "done": true
  },
  "minecraft:recipes/building_blocks/spruce_stairs": {
    "criteria": {
      "has_planks": "2024-06-09 00:12:42 -0600"
    },
    "done": true
  },
  "cfm:recipes/cfm/pink_picket_gate": {
    "criteria": {
      "has_concrete": "2024-06-09 00:25:47 -0600"
    },
    "done": true
  },
  "cfm:recipes/cfm/white_grill": {
    "criteria": {
      "has_iron": "2024-06-08 23:30:41 -0600"
    },
    "done": true
  },
  "minecraft:recipes/misc/gold_ingot_from_nuggets": {
    "criteria": {
      "has_gold_nugget": "2024-06-09 00:26:00 -0600"
    },
    "done": true
  },
  "cfm:recipes/cfm/warped_kitchen_drawer": {
    "criteria": {
      "has_chest": "2024-06-08 23:51:53 -0600"
    },
    "done": true
  },
  "minecraft:story/mine_diamond": {
    "criteria": {
      "diamond": "2024-06-09 00:00:41 -0600"
    },
    "done": true
  },
  "minecraft:recipes/combat/diamond_helmet": {
    "criteria": {
      "has_diamond": "2024-06-09 00:00:41 -0600"
    },
    "done": true
  },
  "minecraft:recipes/building_blocks/polished_granite_stairs_from_granite_stonecutting": {
    "criteria": {
      "has_granite": "2024-06-09 00:00:56 -0600"
    },
    "done": true
  },
  "minecraft:recipes/transportation/oak_boat": {
    "criteria": {
      "in_water": "2024-06-08 23:41:55 -0600"
    },
    "done": true
  },
  "cfm:recipes/cfm/jungle_table": {
    "criteria": {
      "has_planks": "2024-06-09 00:10:29 -0600"
    },
    "done": true
  },
  "cfm:recipes/cfm/stripped_warped_kitchen_drawer": {
    "criteria": {
      "has_chest": "2024-06-08 23:51:53 -0600"
    },
    "done": true
  },
  "minecraft:recipes/decorations/sandstone_wall_from_sandstone_stonecutting": {
    "criteria": {
      "has_sandstone": "2024-06-08 23:50:09 -0600"
    },
    "done": true
  },
  "minecraft:recipes/building_blocks/cyan_concrete_powder": {
    "criteria": {
      "has_sand": "2024-06-08 23:50:11 -0600"
    },
    "done": true
  },
  "cfm:recipes/cfm/oak_park_bench": {
    "criteria": {
      "has_log": "2024-06-08 23:26:13 -0600"
    },
    "done": true
  },
  "cfm:recipes/cfm/jungle_chair": {
    "criteria": {
      "has_planks": "2024-06-09 00:10:29 -0600"
    },
    "done": true
  },
  "minecraft:recipes/combat/golden_boots": {
    "criteria": {
      "has_gold_ingot": "2024-06-08 23:51:52 -0600"
    },
    "done": true
  },
  "cfm:recipes/cfm/lime_cooler": {
    "criteria": {
      "has_chest": "2024-06-08 23:51:53 -0600"
    },
    "done": true
  },
  "minecraft:recipes/tools/wooden_axe": {
    "criteria": {
      "has_stick": "2024-06-08 23:27:21 -0600"
    },
    "done": true
  },
  "minecraft:recipes/decorations/spruce_sign": {
    "criteria": {
      "has_spruce_planks": "2024-06-09 00:12:42 -0600"
    },
    "done": true
  },
  "minecraft:recipes/building_blocks/lime_wool": {
    "criteria": {
      "has_white_wool": "2024-06-09 00:06:03 -0600"
    },
    "done": true
  },
  "minecraft:recipes/building_blocks/mossy_stone_bricks": {
    "criteria": {
      "has_mossy_cobblestone": "2024-06-08 23:34:07 -0600"
    },
    "done": true
  },
  "cfm:recipes/cfm/acacia_mail_box": {
    "criteria": {
      "has_chest": "2024-06-08 23:51:53 -0600"
    },
    "done": true
  },
  "cfm:recipes/cfm/warped_mail_box": {
    "criteria": {
      "has_chest": "2024-06-08 23:51:52 -0600"
    },
    "done": true
  },
  "cfm:recipes/cfm/stripped_crimson_mail_box": {
    "criteria": {
      "has_chest": "2024-06-08 23:51:53 -0600"
    },
    "done": true
  },
  "minecraft:recipes/building_blocks/stone_bricks_from_stone_stonecutting": {
    "criteria": {
      "has_stone": "2024-06-09 01:31:34 -0600"
    },
    "done": true
  },
  "cfm:recipes/cfm/andesite_desk_cabinet": {
    "criteria": {
      "has_planks": "2024-06-09 00:01:31 -0600"
    },
    "done": true
  },
  "minecraft:recipes/decorations/loom": {
    "criteria": {
      "has_string": "2024-06-08 23:35:47 -0600"
    },
    "done": true
  },
  "biomesoplenty:recipes/transportation/palm_boat": {
    "criteria": {
      "in_water": "2024-06-08 23:41:55 -0600"
    },
    "done": true
  },
  "minecraft:recipes/building_blocks/green_wool": {
    "criteria": {
      "has_white_wool": "2024-06-09 00:06:03 -0600"
    },
    "done": true
  },
  "minecraft:recipes/tools/diamond_axe": {
    "criteria": {
      "has_diamond": "2024-06-09 00:00:41 -0600"
    },
    "done": true
  },
  "cfm:recipes/cfm/light_gray_grill": {
    "criteria": {
      "has_iron": "2024-06-08 23:30:41 -0600"
    },
    "done": true
  },
  "minecraft:recipes/building_blocks/brown_wool": {
    "criteria": {
      "has_white_wool": "2024-06-09 00:06:03 -0600"
    },
    "done": true
  },
  "cfm:recipes/cfm/red_picket_fence": {
    "criteria": {
      "has_concrete": "2024-06-09 00:20:57 -0600"
    },
    "done": true
  },
  "biomesoplenty:recipes/transportation/redwood_boat": {
    "criteria": {
      "in_water": "2024-06-08 23:41:55 -0600"
    },
    "done": true
  },
  "cfm:recipes/cfm/stripped_birch_kitchen_drawer": {
    "criteria": {
      "has_chest": "2024-06-08 23:51:53 -0600"
    },
    "done": true
  },
  "minecraft:recipes/decorations/painting": {
    "criteria": {
      "has_wool": "2024-06-08 23:43:29 -0600"
    },
    "done": true
  },
  "cfm:recipes/cfm/stripped_jungle_mail_box": {
    "criteria": {
      "has_chest": "2024-06-08 23:51:53 -0600"
    },
    "done": true
  },
  "cfm:recipes/cfm/andesite_desk": {
    "criteria": {
      "has_planks": "2024-06-09 00:01:31 -0600"
    },
    "done": true
  },
  "minecraft:recipes/building_blocks/red_terracotta": {
    "criteria": {
      "has_terracotta": "2024-06-09 00:14:35 -0600"
    },
    "done": true
  },
  "botania:main/flower_pickup": {
    "criteria": {
      "flower": "2024-06-08 23:40:27 -0600"
    },
    "done": true
  },
  "cfm:recipes/cfm/andesite_coffee_table": {
    "criteria": {
      "has_planks": "2024-06-09 00:01:31 -0600"
    },
    "done": true
  },
  "minecraft:recipes/building_blocks/stone_slab": {
    "criteria": {
      "has_stone": "2024-06-09 01:31:34 -0600"
    },
    "done": true
  },
  "minecraft:recipes/combat/arrow": {
    "criteria": {
      "has_flint": "2024-06-08 23:50:36 -0600"
    },
    "done": true
  },
  "minecraft:recipes/building_blocks/andesite_slab_from_andesite_stonecutting": {
    "criteria": {
      "has_andesite": "2024-06-09 00:01:31 -0600"
    },
    "done": true
  },
  "minecraft:recipes/redstone/acacia_fence_gate": {
    "criteria": {
      "has_planks": "2024-06-09 00:07:05 -0600"
    },
    "done": true
  },
  "minecraft:recipes/building_blocks/coal_block": {
    "criteria": {
      "has_coal": "2024-06-09 00:54:26 -0600"
    },
    "done": true
  },
  "cfm:recipes/cfm/stripped_oak_bedside_cabinet": {
    "criteria": {
      "has_planks": "2024-06-08 23:26:13 -0600"
    },
    "done": true
  },
  "minecraft:recipes/redstone/light_weighted_pressure_plate": {
    "criteria": {
      "has_gold_ingot": "2024-06-08 23:51:52 -0600"
    },
    "done": true
  },
  "minecraft:recipes/misc/gold_nugget_from_blasting": {
    "criteria": {
      "has_golden_horse_armor": "2024-06-09 00:15:43 -0600"
    },
    "done": true
  },
  "cfm:recipes/cfm/spruce_upgraded_gate": {
    "criteria": {
      "has_log": "2024-06-09 01:05:19 -0600"
    },
    "done": true
  },
  "cfm:recipes/cfm/spatula": {
    "criteria": {
      "has_iron": "2024-06-08 23:30:41 -0600"
    },
    "done": true
  },
  "minecraft:recipes/tools/stone_shovel": {
    "criteria": {
      "has_cobblestone": "2024-06-08 23:31:00 -0600"
    },
    "done": true
  },
  "farmersdelight:main/get_fd_seed": {
    "criteria": {
      "tomato_seeds": "2024-06-08 23:56:42 -0600"
    },
    "done": true
  },
  "minecraft:recipes/building_blocks/blue_concrete_powder": {
    "criteria": {
      "has_sand": "2024-06-08 23:50:11 -0600"
    },
    "done": true
  },
  "minecraft:recipes/building_blocks/mossy_cobblestone_slab": {
    "criteria": {
      "has_mossy_cobblestone": "2024-06-08 23:34:07 -0600"
    },
    "done": true
  },
  "minecraft:recipes/building_blocks/diorite_stairs": {
    "criteria": {
      "has_diorite": "2024-06-09 01:30:19 -0600"
    },
    "done": true
  },
  "minecraft:recipes/building_blocks/spruce_slab": {
    "criteria": {
      "has_planks": "2024-06-09 00:12:42 -0600"
    },
    "done": true
  },
  "cfm:recipes/cfm/oak_mail_box": {
    "criteria": {
      "has_chest": "2024-06-08 23:51:52 -0600"
    },
    "done": true
  },
  "minecraft:recipes/building_blocks/green_terracotta": {
    "criteria": {
      "has_terracotta": "2024-06-09 00:14:35 -0600"
    },
    "done": true
  },
  "minecraft:recipes/building_blocks/granite_slab_from_granite_stonecutting": {
    "criteria": {
      "has_granite": "2024-06-09 00:00:56 -0600"
    },
    "done": true
  },
  "cfm:recipes/cfm/diorite_desk_cabinet": {
    "criteria": {
      "has_planks": "2024-06-09 01:30:19 -0600"
    },
    "done": true
  },
  "cfm:recipes/cfm/white_kitchen_drawer": {
    "criteria": {
      "has_chest": "2024-06-08 23:51:53 -0600"
    },
    "done": true
  },
  "minecraft:recipes/decorations/jungle_sign": {
    "criteria": {
      "has_jungle_planks": "2024-06-09 00:10:29 -0600"
    },
    "done": true
  },
  "minecraft:recipes/building_blocks/brown_terracotta": {
    "criteria": {
      "has_terracotta": "2024-06-09 00:14:35 -0600"
    },
    "done": true
  },
  "minecraft:recipes/building_blocks/andesite": {
    "criteria": {
      "has_stone": "2024-06-09 01:30:19 -0600"
    },
    "done": true
  },
  "cfm:recipes/cfm/oak_table": {
    "criteria": {
      "has_log": "2024-06-08 23:26:13 -0600"
    },
    "done": true
  },
  "cfm:recipes/cfm/spruce_desk": {
    "criteria": {
      "has_planks": "2024-06-09 00:12:42 -0600"
    },
    "done": true
  },
  "minecraft:recipes/combat/golden_helmet": {
    "criteria": {
      "has_gold_ingot": "2024-06-08 23:51:52 -0600"
    },
    "done": true
  },
  "minecraft:recipes/redstone/acacia_trapdoor": {
    "criteria": {
      "has_planks": "2024-06-09 00:07:05 -0600"
    },
    "done": true
  },
  "minecraft:recipes/building_blocks/cut_sandstone_slab_from_sandstone_stonecutting": {
    "criteria": {
      "has_sandstone": "2024-06-08 23:50:09 -0600"
    },
    "done": true
  },
  "cfm:recipes/cfm/stripped_spruce_chair": {
    "criteria": {
      "has_planks": "2024-06-09 01:05:19 -0600"
    },
    "done": true
  },
  "minecraft:recipes/redstone/oak_pressure_plate": {
    "criteria": {
      "has_planks": "2024-06-08 23:30:53 -0600"
    },
    "done": true
  },
  "cfm:recipes/cfm/oak_desk": {
    "criteria": {
      "has_log": "2024-06-08 23:26:12 -0600"
    },
    "done": true
  },
  "minecraft:recipes/building_blocks/cut_sandstone": {
    "criteria": {
      "has_sandstone": "2024-06-08 23:50:09 -0600"
    },
    "done": true
  },
  "minecraft:recipes/building_blocks/black_terracotta": {
    "criteria": {
      "has_terracotta": "2024-06-09 00:14:35 -0600"
    },
    "done": true
  },
  "cfm:recipes/cfm/yellow_picket_gate": {
    "criteria": {
      "has_concrete": "2024-06-09 00:24:29 -0600"
    },
    "done": true
  },
  "cfm:recipes/cfm/stripped_spruce_kitchen_counter": {
    "criteria": {
      "has_log": "2024-06-09 01:05:19 -0600"
    },
    "done": true
  },
  "minecraft:recipes/building_blocks/oak_wood": {
    "criteria": {
      "has_log": "2024-06-08 23:26:13 -0600"
    },
    "done": true
  },
  "minecraft:story/root": {
    "criteria": {
      "crafting_table": "2024-06-08 23:38:46 -0600"
    },
    "done": true
  },
  "minecraft:recipes/building_blocks/sandstone_slab_from_sandstone_stonecutting": {
    "criteria": {
      "has_sandstone": "2024-06-08 23:50:09 -0600"
    },
    "done": true
  },
  "cfm:recipes/cfm/granite_bedside_cabinet": {
    "criteria": {
      "has_planks": "2024-06-09 00:00:56 -0600"
    },
    "done": true
  },
  "cfm:recipes/cfm/red_sofa": {
    "criteria": {
      "has_wool": "2024-06-09 00:21:04 -0600"
    },
    "done": true
  },
  "sophisticatedbackpacks:recipes/sophisticatedbackpacks/smoking_upgrade": {
    "criteria": {
      "has_upgrade_base": "2024-06-08 23:25:48 -0600"
    },
    "done": true
  },
  "cfm:recipes/cfm/magenta_cooler": {
    "criteria": {
      "has_chest": "2024-06-08 23:51:52 -0600"
    },
    "done": true
  },
  "minecraft:story/form_obsidian": {
    "criteria": {
      "obsidian": "2024-06-09 00:07:07 -0600"
    },
    "done": true
  },
  "cfm:recipes/cfm/orange_cooler": {
    "criteria": {
      "has_chest": "2024-06-08 23:51:53 -0600"
    },
    "done": true
  },
  "cfm:recipes/cfm/acacia_chair": {
    "criteria": {
      "has_planks": "2024-06-09 00:07:05 -0600"
    },
    "done": true
  },
  "minecraft:recipes/building_blocks/jungle_slab": {
    "criteria": {
      "has_planks": "2024-06-09 00:10:29 -0600"
    },
    "done": true
  },
  "minecraft:recipes/redstone/oak_button": {
    "criteria": {
      "has_planks": "2024-06-08 23:30:53 -0600"
    },
    "done": true
  },
  "cfm:recipes/cfm/jungle_bedside_cabinet": {
    "criteria": {
      "has_planks": "2024-06-09 00:10:29 -0600"
    },
    "done": true
  },
  "cfm:recipes/cfm/diorite_bedside_cabinet": {
    "criteria": {
      "has_planks": "2024-06-09 01:30:19 -0600"
    },
    "done": true
  },
  "minecraft:recipes/misc/iron_ingot": {
    "criteria": {
      "has_iron_ore": "2024-06-09 00:02:20 -0600"
    },
    "done": true
  },
  "cfm:recipes/cfm/acacia_kitchen_drawer": {
    "criteria": {
      "has_chest": "2024-06-08 23:51:53 -0600"
    },
    "done": true
  },
  "cfm:recipes/cfm/pink_kitchen_counter": {
    "criteria": {
      "has_stone": "2024-06-09 00:14:35 -0600"
    },
    "done": true
  },
  "cfm:recipes/cfm/oak_cabinet": {
    "criteria": {
      "has_log": "2024-06-08 23:26:13 -0600"
    },
    "done": true
  },
  "farmersdelight:recipes/farmersdelight/flint_knife": {
    "criteria": {
      "has_stick": "2024-06-08 23:27:21 -0600"
    },
    "done": true
  },
  "cfm:recipes/cfm/granite_chair": {
    "criteria": {
      "has_planks": "2024-06-09 00:00:56 -0600"
    },
    "done": true
  },
  "minecraft:recipes/building_blocks/polished_andesite": {
    "criteria": {
      "has_stone": "2024-06-09 00:01:31 -0600"
    },
    "done": true
  },
  "cfm:recipes/cfm/jungle_kitchen_drawer": {
    "criteria": {
      "has_chest": "2024-06-08 23:51:53 -0600"
    },
    "done": true
  },
  "minecraft:recipes/food/cooked_beef": {
    "criteria": {
      "has_beef": "2024-06-09 00:07:07 -0600"
    },
    "done": true
  },
  "minecraft:recipes/redstone/iron_door": {
    "criteria": {
      "has_iron_ingot": "2024-06-08 23:30:41 -0600"
    },
    "done": true
  },
  "cfm:recipes/cfm/jungle_desk": {
    "criteria": {
      "has_planks": "2024-06-09 00:10:29 -0600"
    },
    "done": true
  },
  "cfm:recipes/cfm/birch_mail_box": {
    "criteria": {
      "has_chest": "2024-06-08 23:51:53 -0600"
    },
    "done": true
  },
  "botania:recipes/botania/red_string_dispenser": {
    "criteria": {
      "has_base_block": "2024-06-08 23:42:26 -0600"
    },
    "done": true
  },
  "cfm:recipes/cfm/stripped_crimson_kitchen_drawer": {
    "criteria": {
      "has_chest": "2024-06-08 23:51:53 -0600"
    },
    "done": true
  },
  "minecraft:recipes/decorations/red_bed": {
    "criteria": {
      "has_red_wool": "2024-06-09 00:21:04 -0600"
    },
    "done": true
  },
  "minecraft:recipes/misc/iron_ingot_from_nuggets": {
    "criteria": {
      "has_iron_nugget": "2024-06-09 00:26:59 -0600"
    },
    "done": true
  },
  "cfm:recipes/cfm/gray_grill": {
    "criteria": {
      "has_iron": "2024-06-08 23:30:41 -0600"
    },
    "done": true
  },
  "minecraft:recipes/redstone/oak_door": {
    "criteria": {
      "has_planks": "2024-06-08 23:30:53 -0600"
    },
    "done": true
  },
  "cfm:recipes/cfm/magenta_kitchen_counter": {
    "criteria": {
      "has_stone": "2024-06-09 00:14:35 -0600"
    },
    "done": true
  },
  "cfm:recipes/cfm/lime_grill": {
    "criteria": {
      "has_iron": "2024-06-08 23:30:41 -0600"
    },
    "done": true
  },
  "farmersdelight:recipes/farmersdelight/diamond_knife": {
    "criteria": {
      "has_diamond": "2024-06-09 00:00:41 -0600"
    },
    "done": true
  },
  "cfm:recipes/cfm/spruce_kitchen_sink_light": {
    "criteria": {
      "has_bottom": "2024-06-09 00:12:42 -0600"
    },
    "done": true
  },
  "cfm:recipes/cfm/door_mat": {
    "criteria": {
      "has_wheat": "2024-06-08 23:38:19 -0600"
    },
    "done": true
  },
  "cfm:recipes/cfm/andesite_bedside_cabinet": {
    "criteria": {
      "has_planks": "2024-06-09 00:01:31 -0600"
    },
    "done": true
  },
  "minecraft:recipes/transportation/jungle_boat": {
    "criteria": {
      "in_water": "2024-06-08 23:41:55 -0600"
    },
    "done": true
  },
  "minecraft:adventure/shoot_arrow": {
    "criteria": {
      "shot_arrow": "2024-06-09 00:34:26 -0600"
    },
    "done": true
  },
  "minecraft:recipes/decorations/stone_brick_walls_from_stone_stonecutting": {
    "criteria": {
      "has_stone": "2024-06-09 01:31:34 -0600"
    },
    "done": true
  },
  "farmersdelight:recipes/farmersdelight/onion_crate": {
    "criteria": {
      "has_onion": "2024-06-09 00:07:08 -0600"
    },
    "done": true
  },
  "minecraft:recipes/building_blocks/jungle_stairs": {
    "criteria": {
      "has_planks": "2024-06-09 00:10:29 -0600"
    },
    "done": true
  },
  "minecraft:recipes/redstone/heavy_weighted_pressure_plate": {
    "criteria": {
      "has_iron_ingot": "2024-06-08 23:30:41 -0600"
    },
    "done": true
  },
  "farmersdelight:recipes/farmersdelight/golden_knife": {
    "criteria": {
      "has_gold_ingot": "2024-06-08 23:51:52 -0600"
    },
    "done": true
  },
  "minecraft:recipes/transportation/dark_oak_boat": {
    "criteria": {
      "in_water": "2024-06-08 23:41:55 -0600"
    },
    "done": true
  },
  "minecraft:recipes/building_blocks/pink_wool": {
    "criteria": {
      "has_white_wool": "2024-06-09 00:06:03 -0600"
    },
    "done": true
  },
  "minecraft:recipes/decorations/andesite_wall_from_andesite_stonecutting": {
    "criteria": {
      "has_andesite": "2024-06-09 00:01:31 -0600"
    },
    "done": true
  },
  "sophisticatedbackpacks:recipes/sophisticatedbackpacks/auto_smoking_upgrade_from_auto_smelting_upgrade": {
    "criteria": {
      "has_auto_smelting_upgrade": "2024-06-08 23:25:48 -0600"
    },
    "done": true
  },
  "minecraft:recipes/redstone/jungle_door": {
    "criteria": {
      "has_planks": "2024-06-09 00:10:29 -0600"
    },
    "done": true
  },
  "cfm:recipes/cfm/cyan_grill": {
    "criteria": {
      "has_iron": "2024-06-08 23:30:41 -0600"
    },
    "done": true
  },
  "minecraft:recipes/redstone/jungle_fence_gate": {
    "criteria": {
      "has_planks": "2024-06-09 00:10:29 -0600"
    },
    "done": true
  },
  "minecraft:recipes/building_blocks/polished_granite": {
    "criteria": {
      "has_stone": "2024-06-09 00:00:56 -0600"
    },
    "done": true
  },
  "cfm:recipes/cfm/yellow_kitchen_drawer": {
    "criteria": {
      "has_chest": "2024-06-08 23:51:53 -0600"
    },
    "done": true
  },
  "cfm:recipes/cfm/stone_chair": {
    "criteria": {
      "has_planks": "2024-06-08 23:31:00 -0600"
    },
    "done": true
  },
  "minecraft:recipes/combat/golden_leggings": {
    "criteria": {
      "has_gold_ingot": "2024-06-08 23:51:52 -0600"
    },
    "done": true
  },
  "cfm:recipes/cfm/stone_bedside_cabinet": {
    "criteria": {
      "has_planks": "2024-06-08 23:31:00 -0600"
    },
    "done": true
  },
  "minecraft:recipes/building_blocks/stone_stairs": {
    "criteria": {
      "has_stone": "2024-06-09 01:31:34 -0600"
    },
    "done": true
  },
  "cfm:recipes/cfm/oak_upgraded_fence": {
    "criteria": {
      "has_log": "2024-06-08 23:26:12 -0600"
    },
    "done": true
  },
  "minecraft:recipes/redstone/spruce_trapdoor": {
    "criteria": {
      "has_planks": "2024-06-09 00:12:42 -0600"
    },
    "done": true
  },
  "minecraft:recipes/food/cooked_beef_from_campfire_cooking": {
    "criteria": {
      "has_beef": "2024-06-09 00:07:07 -0600"
    },
    "done": true
  },
  "cfm:recipes/cfm/diorite_cabinet": {
    "criteria": {
      "has_planks": "2024-06-09 01:30:19 -0600"
    },
    "done": true
  },
  "minecraft:recipes/combat/diamond_boots": {
    "criteria": {
      "has_diamond": "2024-06-09 00:00:41 -0600"
    },
    "done": true
  },
  "minecraft:recipes/decorations/soul_campfire": {
    "criteria": {
      "has_stick": "2024-06-08 23:27:21 -0600"
    },
    "done": true
  },
  "minecraft:story/smelt_iron": {
    "criteria": {
      "iron": "2024-06-08 23:30:41 -0600"
    },
    "done": true
  },
  "minecraft:recipes/building_blocks/mossy_cobblestone_stairs": {
    "criteria": {
      "has_mossy_cobblestone": "2024-06-08 23:34:07 -0600"
    },
    "done": true
  },
  "cfm:recipes/cfm/oak_kitchen_sink_light": {
    "criteria": {
      "has_bottom": "2024-06-08 23:30:53 -0600"
    },
    "done": true
  },
  "cfm:recipes/cfm/spruce_desk_cabinet": {
    "criteria": {
      "has_planks": "2024-06-09 00:12:42 -0600"
    },
    "done": true
  },
  "cfm:recipes/cfm/fridge_light": {
    "criteria": {
      "has_iron": "2024-06-08 23:30:41 -0600"
    },
    "done": true
  },
  "cfm:recipes/cfm/oak_coffee_table": {
    "criteria": {
      "has_log": "2024-06-08 23:26:13 -0600"
    },
    "done": true
  },
  "DataVersion": 2586
}